SUMLEV,STATE,COUNTY,STNAME,CTYNAME,YEAR,AGE,TOT_POP,TOT_MALE,TOT_FEMALE
50,10,1,Delaware,Kent County,1,0,2120,1090,1030
50,10,1,Delaware,Kent County,1,1,2151,1109,1042
50,10,1,Delaware,Kent County,1,2,2165,1132,1033
50,10,1,Delaware,Kent County,1,3,2296,1171,1125
50,10,1,Delaware,Kent County,1,4,2374,1178,1196
50,10,1,Delaware,Kent County,1,5,2312,1166,1146
50,10,1,Delaware,Kent County,1,6,2340,1217,1123
50,10,1,Delaware,Kent County,1,7,2314,1200,1114
50,10,1,Delaware,Kent County,1,8,2363,1264,1099
50,10,1,Delaware,Kent County,1,9,2328,1220,1108
50,10,1,Delaware,Kent County,1,10,2367,1221,1146
50,10,1,Delaware,Kent County,1,11,2452,1258,1194
50,10,1,Delaware,Kent County,1,12,2475,1260,1215
50,10,1,Delaware,Kent County,1,13,2412,1223,1189
50,10,1,Delaware,Kent County,1,14,2450,1230,1220
50,10,1,Delaware,Kent County,1,15,2360,1172,1188
50,10,1,Delaware,Kent County,1,16,2424,1208,1216
50,10,1,Delaware,Kent County,1,17,2375,1204,1171
50,10,1,Delaware,Kent County,1,18,2588,1275,1313
50,10,1,Delaware,Kent County,1,19,2506,1244,1262
50,10,1,Delaware,Kent County,1,20,2520,1215,1305
50,10,1,Delaware,Kent County,1,21,2514,1216,1298
50,10,1,Delaware,Kent County,1,22,2459,1248,1211
50,10,1,Delaware,Kent County,1,23,2323,1178,1145
50,10,1,Delaware,Kent County,1,24,2282,1153,1129
50,10,1,Delaware,Kent County,1,25,2375,1187,1188
50,10,1,Delaware,Kent County,1,26,2384,1230,1154
50,10,1,Delaware,Kent County,1,27,2396,1211,1185
50,10,1,Delaware,Kent County,1,28,2529,1285,1244
50,10,1,Delaware,Kent County,1,29,2587,1285,1302
50,10,1,Delaware,Kent County,1,30,2476,1223,1253
50,10,1,Delaware,Kent County,1,31,2474,1229,1245
50,10,1,Delaware,Kent County,1,32,2435,1203,1232
50,10,1,Delaware,Kent County,1,33,2329,1140,1189
50,10,1,Delaware,Kent County,1,34,2332,1131,1201
50,10,1,Delaware,Kent County,1,35,2302,1107,1195
50,10,1,Delaware,Kent County,1,36,2318,1109,1209
50,10,1,Delaware,Kent County,1,37,2352,1140,1212
50,10,1,Delaware,Kent County,1,38,2207,1067,1140
50,10,1,Delaware,Kent County,1,39,2235,1088,1147
50,10,1,Delaware,Kent County,1,40,2194,1057,1137
50,10,1,Delaware,Kent County,1,41,2120,1011,1109
50,10,1,Delaware,Kent County,1,42,2128,979,1149
50,10,1,Delaware,Kent County,1,43,1999,932,1067
50,10,1,Delaware,Kent County,1,44,1961,935,1026
50,10,1,Delaware,Kent County,1,45,1909,886,1023
50,10,1,Delaware,Kent County,1,46,1870,863,1007
50,10,1,Delaware,Kent County,1,47,1959,908,1051
50,10,1,Delaware,Kent County,1,48,2129,998,1131
50,10,1,Delaware,Kent County,1,49,2226,1080,1146
50,10,1,Delaware,Kent County,1,50,2164,1038,1126
50,10,1,Delaware,Kent County,1,51,2068,1017,1051
50,10,1,Delaware,Kent County,1,52,2072,986,1086
50,10,1,Delaware,Kent County,1,53,2204,1072,1132
50,10,1,Delaware,Kent County,1,54,2308,1103,1205
50,10,1,Delaware,Kent County,1,55,2370,1100,1270
50,10,1,Delaware,Kent County,1,56,2493,1202,1291
50,10,1,Delaware,Kent County,1,57,2482,1173,1309
50,10,1,Delaware,Kent County,1,58,2451,1185,1266
50,10,1,Delaware,Kent County,1,59,2446,1192,1254
50,10,1,Delaware,Kent County,1,60,2360,1103,1257
50,10,1,Delaware,Kent County,1,61,2345,1104,1241
50,10,1,Delaware,Kent County,1,62,2334,1082,1252
50,10,1,Delaware,Kent County,1,63,2270,1049,1221
50,10,1,Delaware,Kent County,1,64,2228,1022,1206
50,10,1,Delaware,Kent County,1,65,2169,1009,1160
50,10,1,Delaware,Kent County,1,66,2097,961,1136
50,10,1,Delaware,Kent County,1,67,2047,938,1109
50,10,1,Delaware,Kent County,1,68,1927,863,1064
50,10,1,Delaware,Kent County,1,69,1780,815,965
50,10,1,Delaware,Kent County,1,70,1817,862,955
50,10,1,Delaware,Kent County,1,71,1885,840,1045
50,10,1,Delaware,Kent County,1,72,1896,890,1006
50,10,1,Delaware,Kent County,1,73,1966,911,1055
50,10,1,Delaware,Kent County,1,74,1400,613,787
50,10,1,Delaware,Kent County,1,75,1371,617,754
50,10,1,Delaware,Kent County,1,76,1374,623,751
50,10,1,Delaware,Kent County,1,77,1327,629,698
50,10,1,Delaware,Kent County,1,78,1103,482,621
50,10,1,Delaware,Kent County,1,79,996,427,569
50,10,1,Delaware,Kent County,1,80,873,370,503
50,10,1,Delaware,Kent County,1,81,806,363,443
50,10,1,Delaware,Kent County,1,82,772,335,437
50,10,1,Delaware,Kent County,1,83,657,289,368
50,10,1,Delaware,Kent County,1,84,572,235,337
50,10,1,Delaware,Kent County,1,85,2918,1136,1782
50,10,1,Delaware,Kent County,2,0,2120,1087,1033
50,10,1,Delaware,Kent County,2,1,2141,1101,1040
50,10,1,Delaware,Kent County,2,2,2179,1134,1045
50,10,1,Delaware,Kent County,2,3,2266,1166,1100
50,10,1,Delaware,Kent County,2,4,2365,1183,1182
50,10,1,Delaware,Kent County,2,5,2334,1174,1160
50,10,1,Delaware,Kent County,2,6,2346,1214,1132
50,10,1,Delaware,Kent County,2,7,2326,1209,1117
50,10,1,Delaware,Kent County,2,8,2356,1253,1103
50,10,1,Delaware,Kent County,2,9,2339,1233,1106
50,10,1,Delaware,Kent County,2,10,2358,1216,1142
50,10,1,Delaware,Kent County,2,11,2428,1247,1181
50,10,1,Delaware,Kent County,2,12,2489,1270,1219
50,10,1,Delaware,Kent County,2,13,2431,1234,1197
50,10,1,Delaware,Kent County,2,14,2446,1229,1217
50,10,1,Delaware,Kent County,2,15,2396,1192,1204
50,10,1,Delaware,Kent County,2,16,2416,1202,1214
50,10,1,Delaware,Kent County,2,17,2392,1208,1184
50,10,1,Delaware,Kent County,2,18,2603,1280,1323
50,10,1,Delaware,Kent County,2,19,2527,1250,1277
50,10,1,Delaware,Kent County,2,20,2543,1223,1320
50,10,1,Delaware,Kent County,2,21,2516,1221,1295
50,10,1,Delaware,Kent County,2,22,2460,1243,1217
50,10,1,Delaware,Kent County,2,23,2349,1196,1153
50,10,1,Delaware,Kent County,2,24,2282,1149,1133
50,10,1,Delaware,Kent County,2,25,2356,1183,1173
50,10,1,Delaware,Kent County,2,26,2384,1217,1167
50,10,1,Delaware,Kent County,2,27,2395,1214,1181
50,10,1,Delaware,Kent County,2,28,2498,1265,1233
50,10,1,Delaware,Kent County,2,29,2574,1276,1298
50,10,1,Delaware,Kent County,2,30,2517,1240,1277
50,10,1,Delaware,Kent County,2,31,2473,1224,1249
50,10,1,Delaware,Kent County,2,32,2435,1207,1228
50,10,1,Delaware,Kent County,2,33,2354,1158,1196
50,10,1,Delaware,Kent County,2,34,2332,1128,1204
50,10,1,Delaware,Kent County,2,35,2329,1122,1207
50,10,1,Delaware,Kent County,2,36,2308,1105,1203
50,10,1,Delaware,Kent County,2,37,2351,1134,1217
50,10,1,Delaware,Kent County,2,38,2253,1086,1167
50,10,1,Delaware,Kent County,2,39,2221,1084,1137
50,10,1,Delaware,Kent County,2,40,2219,1071,1148
50,10,1,Delaware,Kent County,2,41,2139,1020,1119
50,10,1,Delaware,Kent County,2,42,2115,981,1134
50,10,1,Delaware,Kent County,2,43,2039,950,1089
50,10,1,Delaware,Kent County,2,44,1955,930,1025
50,10,1,Delaware,Kent County,2,45,1936,904,1032
50,10,1,Delaware,Kent County,2,46,1878,867,1011
50,10,1,Delaware,Kent County,2,47,1934,893,1041
50,10,1,Delaware,Kent County,2,48,2093,978,1115
50,10,1,Delaware,Kent County,2,49,2214,1064,1150
50,10,1,Delaware,Kent County,2,50,2171,1045,1126
50,10,1,Delaware,Kent County,2,51,2077,1012,1065
50,10,1,Delaware,Kent County,2,52,2075,995,1080
50,10,1,Delaware,Kent County,2,53,2172,1055,1117
50,10,1,Delaware,Kent County,2,54,2277,1095,1182
50,10,1,Delaware,Kent County,2,55,2356,1101,1255
50,10,1,Delaware,Kent County,2,56,2478,1182,1296
50,10,1,Delaware,Kent County,2,57,2482,1176,1306
50,10,1,Delaware,Kent County,2,58,2460,1179,1281
50,10,1,Delaware,Kent County,2,59,2455,1188,1267
50,10,1,Delaware,Kent County,2,60,2381,1124,1257
50,10,1,Delaware,Kent County,2,61,2355,1107,1248
50,10,1,Delaware,Kent County,2,62,2344,1092,1252
50,10,1,Delaware,Kent County,2,63,2316,1069,1247
50,10,1,Delaware,Kent County,2,64,2231,1024,1207
50,10,1,Delaware,Kent County,2,65,2189,1019,1170
50,10,1,Delaware,Kent County,2,66,2128,979,1149
50,10,1,Delaware,Kent County,2,67,2056,943,1113
50,10,1,Delaware,Kent County,2,68,1941,873,1068
50,10,1,Delaware,Kent County,2,69,1827,830,997
50,10,1,Delaware,Kent County,2,70,1805,850,955
50,10,1,Delaware,Kent County,2,71,1861,838,1023
50,10,1,Delaware,Kent County,2,72,1863,863,1000
50,10,1,Delaware,Kent County,2,73,2024,940,1084
50,10,1,Delaware,Kent County,2,74,1444,642,802
50,10,1,Delaware,Kent County,2,75,1378,618,760
50,10,1,Delaware,Kent County,2,76,1354,607,747
50,10,1,Delaware,Kent County,2,77,1345,624,721
50,10,1,Delaware,Kent County,2,78,1128,502,626
50,10,1,Delaware,Kent County,2,79,1005,432,573
50,10,1,Delaware,Kent County,2,80,885,379,506
50,10,1,Delaware,Kent County,2,81,806,360,446
50,10,1,Delaware,Kent County,2,82,777,339,438
50,10,1,Delaware,Kent County,2,83,659,291,368
50,10,1,Delaware,Kent County,2,84,582,242,340
50,10,1,Delaware,Kent County,2,85,2920,1140,1780
50,10,1,Delaware,Kent County,3,0,1995,1039,956
50,10,1,Delaware,Kent County,3,1,2138,1084,1054
50,10,1,Delaware,Kent County,3,2,2192,1132,1060
50,10,1,Delaware,Kent County,3,3,2206,1166,1040
50,10,1,Delaware,Kent County,3,4,2281,1172,1109
50,10,1,Delaware,Kent County,3,5,2377,1170,1207
50,10,1,Delaware,Kent County,3,6,2340,1182,1158
50,10,1,Delaware,Kent County,3,7,2379,1220,1159
50,10,1,Delaware,Kent County,3,8,2369,1238,1131
50,10,1,Delaware,Kent County,3,9,2405,1283,1122
50,10,1,Delaware,Kent County,3,10,2356,1238,1118
50,10,1,Delaware,Kent County,3,11,2382,1225,1157
50,10,1,Delaware,Kent County,3,12,2484,1271,1213
50,10,1,Delaware,Kent County,3,13,2517,1286,1231
50,10,1,Delaware,Kent County,3,14,2455,1227,1228
50,10,1,Delaware,Kent County,3,15,2513,1255,1258
50,10,1,Delaware,Kent County,3,16,2401,1174,1227
50,10,1,Delaware,Kent County,3,17,2450,1222,1228
50,10,1,Delaware,Kent County,3,18,2857,1380,1477
50,10,1,Delaware,Kent County,3,19,2741,1337,1404
50,10,1,Delaware,Kent County,3,20,2743,1295,1448
50,10,1,Delaware,Kent County,3,21,2665,1300,1365
50,10,1,Delaware,Kent County,3,22,2547,1290,1257
50,10,1,Delaware,Kent County,3,23,2406,1236,1170
50,10,1,Delaware,Kent County,3,24,2338,1173,1165
50,10,1,Delaware,Kent County,3,25,2311,1155,1156
50,10,1,Delaware,Kent County,3,26,2337,1179,1158
50,10,1,Delaware,Kent County,3,27,2369,1191,1178
50,10,1,Delaware,Kent County,3,28,2406,1215,1191
50,10,1,Delaware,Kent County,3,29,2509,1259,1250
50,10,1,Delaware,Kent County,3,30,2591,1268,1323
50,10,1,Delaware,Kent County,3,31,2524,1239,1285
50,10,1,Delaware,Kent County,3,32,2546,1258,1288
50,10,1,Delaware,Kent County,3,33,2443,1204,1239
50,10,1,Delaware,Kent County,3,34,2376,1168,1208
50,10,1,Delaware,Kent County,3,35,2350,1134,1216
50,10,1,Delaware,Kent County,3,36,2375,1135,1240
50,10,1,Delaware,Kent County,3,37,2333,1101,1232
50,10,1,Delaware,Kent County,3,38,2392,1151,1241
50,10,1,Delaware,Kent County,3,39,2287,1130,1157
50,10,1,Delaware,Kent County,3,40,2231,1087,1144
50,10,1,Delaware,Kent County,3,41,2233,1080,1153
50,10,1,Delaware,Kent County,3,42,2165,1018,1147
50,10,1,Delaware,Kent County,3,43,2121,982,1139
50,10,1,Delaware,Kent County,3,44,2075,964,1111
50,10,1,Delaware,Kent County,3,45,1951,934,1017
50,10,1,Delaware,Kent County,3,46,1943,893,1050
50,10,1,Delaware,Kent County,3,47,1867,862,1005
50,10,1,Delaware,Kent County,3,48,1958,904,1054
50,10,1,Delaware,Kent County,3,49,2098,980,1118
50,10,1,Delaware,Kent County,3,50,2190,1047,1143
50,10,1,Delaware,Kent County,3,51,2207,1053,1154
50,10,1,Delaware,Kent County,3,52,2091,1021,1070
50,10,1,Delaware,Kent County,3,53,2097,993,1104
50,10,1,Delaware,Kent County,3,54,2171,1050,1121
50,10,1,Delaware,Kent County,3,55,2300,1100,1200
50,10,1,Delaware,Kent County,3,56,2366,1106,1260
50,10,1,Delaware,Kent County,3,57,2514,1189,1325
50,10,1,Delaware,Kent County,3,58,2501,1181,1320
50,10,1,Delaware,Kent County,3,59,2458,1165,1293
50,10,1,Delaware,Kent County,3,60,2444,1179,1265
50,10,1,Delaware,Kent County,3,61,2398,1136,1262
50,10,1,Delaware,Kent County,3,62,2369,1107,1262
50,10,1,Delaware,Kent County,3,63,2364,1087,1277
50,10,1,Delaware,Kent County,3,64,2327,1070,1257
50,10,1,Delaware,Kent County,3,65,2269,1047,1222
50,10,1,Delaware,Kent County,3,66,2178,1014,1164
50,10,1,Delaware,Kent County,3,67,2142,978,1164
50,10,1,Delaware,Kent County,3,68,2035,933,1102
50,10,1,Delaware,Kent County,3,69,1921,864,1057
50,10,1,Delaware,Kent County,3,70,1809,808,1001
50,10,1,Delaware,Kent County,3,71,1784,834,950
50,10,1,Delaware,Kent County,3,72,1822,830,992
50,10,1,Delaware,Kent County,3,73,1791,832,959
50,10,1,Delaware,Kent County,3,74,1957,909,1048
50,10,1,Delaware,Kent County,3,75,1423,627,796
50,10,1,Delaware,Kent County,3,76,1321,579,742
50,10,1,Delaware,Kent County,3,77,1297,558,739
50,10,1,Delaware,Kent County,3,78,1289,598,691
50,10,1,Delaware,Kent County,3,79,1083,482,601
50,10,1,Delaware,Kent County,3,80,939,394,545
50,10,1,Delaware,Kent County,3,81,834,356,478
50,10,1,Delaware,Kent County,3,82,759,334,425
50,10,1,Delaware,Kent County,3,83,707,306,401
50,10,1,Delaware,Kent County,3,84,623,272,351
50,10,1,Delaware,Kent County,3,85,2961,1164,1797
50,10,1,Delaware,Kent County,4,0,2105,1081,1024
50,10,1,Delaware,Kent County,4,1,2072,1075,997
50,10,1,Delaware,Kent County,4,2,2171,1092,1079
50,10,1,Delaware,Kent County,4,3,2239,1136,1103
50,10,1,Delaware,Kent County,4,4,2268,1205,1063
50,10,1,Delaware,Kent County,4,5,2329,1206,1123
50,10,1,Delaware,Kent County,4,6,2422,1219,1203
50,10,1,Delaware,Kent County,4,7,2407,1208,1199
50,10,1,Delaware,Kent County,4,8,2421,1247,1174
50,10,1,Delaware,Kent County,4,9,2402,1254,1148
50,10,1,Delaware,Kent County,4,10,2465,1305,1160
50,10,1,Delaware,Kent County,4,11,2430,1265,1165
50,10,1,Delaware,Kent County,4,12,2449,1261,1188
50,10,1,Delaware,Kent County,4,13,2530,1300,1230
50,10,1,Delaware,Kent County,4,14,2552,1302,1250
50,10,1,Delaware,Kent County,4,15,2511,1265,1246
50,10,1,Delaware,Kent County,4,16,2538,1255,1283
50,10,1,Delaware,Kent County,4,17,2415,1179,1236
50,10,1,Delaware,Kent County,4,18,2980,1421,1559
50,10,1,Delaware,Kent County,4,19,2898,1381,1517
50,10,1,Delaware,Kent County,4,20,2742,1287,1455
50,10,1,Delaware,Kent County,4,21,2741,1323,1418
50,10,1,Delaware,Kent County,4,22,2626,1329,1297
50,10,1,Delaware,Kent County,4,23,2411,1229,1182
50,10,1,Delaware,Kent County,4,24,2364,1169,1195
50,10,1,Delaware,Kent County,4,25,2309,1151,1158
50,10,1,Delaware,Kent County,4,26,2324,1179,1145
50,10,1,Delaware,Kent County,4,27,2339,1160,1179
50,10,1,Delaware,Kent County,4,28,2365,1162,1203
50,10,1,Delaware,Kent County,4,29,2405,1206,1199
50,10,1,Delaware,Kent County,4,30,2503,1247,1256
50,10,1,Delaware,Kent County,4,31,2618,1266,1352
50,10,1,Delaware,Kent County,4,32,2534,1252,1282
50,10,1,Delaware,Kent County,4,33,2622,1272,1350
50,10,1,Delaware,Kent County,4,34,2537,1252,1285
50,10,1,Delaware,Kent County,4,35,2387,1164,1223
50,10,1,Delaware,Kent County,4,36,2352,1141,1211
50,10,1,Delaware,Kent County,4,37,2401,1150,1251
50,10,1,Delaware,Kent County,4,38,2339,1096,1243
50,10,1,Delaware,Kent County,4,39,2391,1132,1259
50,10,1,Delaware,Kent County,4,40,2336,1153,1183
50,10,1,Delaware,Kent County,4,41,2254,1093,1161
50,10,1,Delaware,Kent County,4,42,2283,1092,1191
50,10,1,Delaware,Kent County,4,43,2192,1022,1170
50,10,1,Delaware,Kent County,4,44,2119,973,1146
50,10,1,Delaware,Kent County,4,45,2091,968,1123
50,10,1,Delaware,Kent County,4,46,1958,923,1035
50,10,1,Delaware,Kent County,4,47,1941,881,1060
50,10,1,Delaware,Kent County,4,48,1866,858,1008
50,10,1,Delaware,Kent County,4,49,1967,902,1065
50,10,1,Delaware,Kent County,4,50,2111,986,1125
50,10,1,Delaware,Kent County,4,51,2208,1042,1166
50,10,1,Delaware,Kent County,4,52,2224,1060,1164
50,10,1,Delaware,Kent County,4,53,2070,1000,1070
50,10,1,Delaware,Kent County,4,54,2099,999,1100
50,10,1,Delaware,Kent County,4,55,2157,1037,1120
50,10,1,Delaware,Kent County,4,56,2334,1114,1220
50,10,1,Delaware,Kent County,4,57,2364,1089,1275
50,10,1,Delaware,Kent County,4,58,2532,1197,1335
50,10,1,Delaware,Kent County,4,59,2488,1164,1324
50,10,1,Delaware,Kent County,4,60,2476,1154,1322
50,10,1,Delaware,Kent County,4,61,2468,1200,1268
50,10,1,Delaware,Kent County,4,62,2447,1162,1285
50,10,1,Delaware,Kent County,4,63,2405,1111,1294
50,10,1,Delaware,Kent County,4,64,2370,1090,1280
50,10,1,Delaware,Kent County,4,65,2361,1090,1271
50,10,1,Delaware,Kent County,4,66,2299,1063,1236
50,10,1,Delaware,Kent County,4,67,2192,1026,1166
50,10,1,Delaware,Kent County,4,68,2164,986,1178
50,10,1,Delaware,Kent County,4,69,2055,957,1098
50,10,1,Delaware,Kent County,4,70,1903,856,1047
50,10,1,Delaware,Kent County,4,71,1825,825,1000
50,10,1,Delaware,Kent County,4,72,1772,828,944
50,10,1,Delaware,Kent County,4,73,1753,791,962
50,10,1,Delaware,Kent County,4,74,1739,801,938
50,10,1,Delaware,Kent County,4,75,1908,879,1029
50,10,1,Delaware,Kent County,4,76,1389,615,774
50,10,1,Delaware,Kent County,4,77,1258,537,721
50,10,1,Delaware,Kent County,4,78,1250,532,718
50,10,1,Delaware,Kent County,4,79,1230,561,669
50,10,1,Delaware,Kent County,4,80,1015,432,583
50,10,1,Delaware,Kent County,4,81,878,365,513
50,10,1,Delaware,Kent County,4,82,786,340,446
50,10,1,Delaware,Kent County,4,83,698,298,400
50,10,1,Delaware,Kent County,4,84,640,278,362
50,10,1,Delaware,Kent County,4,85,3030,1195,1835
50,10,1,Delaware,Kent County,5,0,2136,1113,1023
50,10,1,Delaware,Kent County,5,1,2159,1117,1042
50,10,1,Delaware,Kent County,5,2,2090,1091,999
50,10,1,Delaware,Kent County,5,3,2201,1135,1066
50,10,1,Delaware,Kent County,5,4,2277,1170,1107
50,10,1,Delaware,Kent County,5,5,2309,1240,1069
50,10,1,Delaware,Kent County,5,6,2401,1249,1152
50,10,1,Delaware,Kent County,5,7,2436,1206,1230
50,10,1,Delaware,Kent County,5,8,2451,1214,1237
50,10,1,Delaware,Kent County,5,9,2482,1242,1240
50,10,1,Delaware,Kent County,5,10,2442,1276,1166
50,10,1,Delaware,Kent County,5,11,2513,1339,1174
50,10,1,Delaware,Kent County,5,12,2457,1278,1179
50,10,1,Delaware,Kent County,5,13,2469,1270,1199
50,10,1,Delaware,Kent County,5,14,2541,1312,1229
50,10,1,Delaware,Kent County,5,15,2597,1315,1282
50,10,1,Delaware,Kent County,5,16,2569,1273,1296
50,10,1,Delaware,Kent County,5,17,2568,1256,1312
50,10,1,Delaware,Kent County,5,18,2933,1385,1548
50,10,1,Delaware,Kent County,5,19,2946,1395,1551
50,10,1,Delaware,Kent County,5,20,2787,1281,1506
50,10,1,Delaware,Kent County,5,21,2694,1287,1407
50,10,1,Delaware,Kent County,5,22,2650,1357,1293
50,10,1,Delaware,Kent County,5,23,2482,1259,1223
50,10,1,Delaware,Kent County,5,24,2262,1124,1138
50,10,1,Delaware,Kent County,5,25,2386,1177,1209
50,10,1,Delaware,Kent County,5,26,2281,1127,1154
50,10,1,Delaware,Kent County,5,27,2306,1150,1156
50,10,1,Delaware,Kent County,5,28,2333,1154,1179
50,10,1,Delaware,Kent County,5,29,2349,1135,1214
50,10,1,Delaware,Kent County,5,30,2412,1195,1217
50,10,1,Delaware,Kent County,5,31,2552,1260,1292
50,10,1,Delaware,Kent County,5,32,2673,1290,1383
50,10,1,Delaware,Kent County,5,33,2593,1256,1337
50,10,1,Delaware,Kent County,5,34,2665,1268,1397
50,10,1,Delaware,Kent County,5,35,2569,1270,1299
50,10,1,Delaware,Kent County,5,36,2384,1162,1222
50,10,1,Delaware,Kent County,5,37,2346,1126,1220
50,10,1,Delaware,Kent County,5,38,2388,1128,1260
50,10,1,Delaware,Kent County,5,39,2372,1122,1250
50,10,1,Delaware,Kent County,5,40,2379,1114,1265
50,10,1,Delaware,Kent County,5,41,2346,1154,1192
50,10,1,Delaware,Kent County,5,42,2270,1082,1188
50,10,1,Delaware,Kent County,5,43,2292,1095,1197
50,10,1,Delaware,Kent County,5,44,2206,1020,1186
50,10,1,Delaware,Kent County,5,45,2092,946,1146
50,10,1,Delaware,Kent County,5,46,2105,971,1134
50,10,1,Delaware,Kent County,5,47,1997,943,1054
50,10,1,Delaware,Kent County,5,48,1955,883,1072
50,10,1,Delaware,Kent County,5,49,1890,857,1033
50,10,1,Delaware,Kent County,5,50,2014,923,1091
50,10,1,Delaware,Kent County,5,51,2120,978,1142
50,10,1,Delaware,Kent County,5,52,2224,1038,1186
50,10,1,Delaware,Kent County,5,53,2267,1092,1175
50,10,1,Delaware,Kent County,5,54,2083,997,1086
50,10,1,Delaware,Kent County,5,55,2104,1005,1099
50,10,1,Delaware,Kent County,5,56,2170,1028,1142
50,10,1,Delaware,Kent County,5,57,2358,1128,1230
50,10,1,Delaware,Kent County,5,58,2395,1095,1300
50,10,1,Delaware,Kent County,5,59,2528,1198,1330
50,10,1,Delaware,Kent County,5,60,2510,1169,1341
50,10,1,Delaware,Kent County,5,61,2505,1176,1329
50,10,1,Delaware,Kent County,5,62,2489,1195,1294
50,10,1,Delaware,Kent County,5,63,2492,1173,1319
50,10,1,Delaware,Kent County,5,64,2466,1135,1331
50,10,1,Delaware,Kent County,5,65,2382,1102,1280
50,10,1,Delaware,Kent County,5,66,2377,1096,1281
50,10,1,Delaware,Kent County,5,67,2305,1058,1247
50,10,1,Delaware,Kent County,5,68,2223,1018,1205
50,10,1,Delaware,Kent County,5,69,2130,962,1168
50,10,1,Delaware,Kent County,5,70,2036,945,1091
50,10,1,Delaware,Kent County,5,71,1892,853,1039
50,10,1,Delaware,Kent County,5,72,1792,815,977
50,10,1,Delaware,Kent County,5,73,1728,794,934
50,10,1,Delaware,Kent County,5,74,1721,774,947
50,10,1,Delaware,Kent County,5,75,1713,785,928
50,10,1,Delaware,Kent County,5,76,1875,870,1005
50,10,1,Delaware,Kent County,5,77,1333,589,744
50,10,1,Delaware,Kent County,5,78,1191,502,689
50,10,1,Delaware,Kent County,5,79,1217,520,697
50,10,1,Delaware,Kent County,5,80,1143,519,624
50,10,1,Delaware,Kent County,5,81,965,402,563
50,10,1,Delaware,Kent County,5,82,828,352,476
50,10,1,Delaware,Kent County,5,83,734,314,420
50,10,1,Delaware,Kent County,5,84,634,271,363
50,10,1,Delaware,Kent County,5,85,3186,1265,1921
50,10,1,Delaware,Kent County,6,0,2104,1095,1009
50,10,1,Delaware,Kent County,6,1,2254,1145,1109
50,10,1,Delaware,Kent County,6,2,2229,1171,1058
50,10,1,Delaware,Kent County,6,3,2121,1108,1013
50,10,1,Delaware,Kent County,6,4,2257,1170,1087
50,10,1,Delaware,Kent County,6,5,2278,1160,1118
50,10,1,Delaware,Kent County,6,6,2360,1270,1090
50,10,1,Delaware,Kent County,6,7,2396,1241,1155
50,10,1,Delaware,Kent County,6,8,2514,1224,1290
50,10,1,Delaware,Kent County,6,9,2498,1241,1257
50,10,1,Delaware,Kent County,6,10,2499,1246,1253
50,10,1,Delaware,Kent County,6,11,2476,1288,1188
50,10,1,Delaware,Kent County,6,12,2511,1327,1184
50,10,1,Delaware,Kent County,6,13,2490,1312,1178
50,10,1,Delaware,Kent County,6,14,2489,1282,1207
50,10,1,Delaware,Kent County,6,15,2565,1303,1262
50,10,1,Delaware,Kent County,6,16,2625,1314,1311
50,10,1,Delaware,Kent County,6,17,2616,1276,1340
50,10,1,Delaware,Kent County,6,18,3084,1458,1626
50,10,1,Delaware,Kent County,6,19,2909,1376,1533
50,10,1,Delaware,Kent County,6,20,2823,1294,1529
50,10,1,Delaware,Kent County,6,21,2756,1316,1440
50,10,1,Delaware,Kent County,6,22,2617,1323,1294
50,10,1,Delaware,Kent County,6,23,2514,1306,1208
50,10,1,Delaware,Kent County,6,24,2382,1193,1189
50,10,1,Delaware,Kent County,6,25,2271,1121,1150
50,10,1,Delaware,Kent County,6,26,2414,1179,1235
50,10,1,Delaware,Kent County,6,27,2269,1115,1154
50,10,1,Delaware,Kent County,6,28,2333,1170,1163
50,10,1,Delaware,Kent County,6,29,2343,1141,1202
50,10,1,Delaware,Kent County,6,30,2389,1149,1240
50,10,1,Delaware,Kent County,6,31,2471,1210,1261
50,10,1,Delaware,Kent County,6,32,2600,1270,1330
50,10,1,Delaware,Kent County,6,33,2686,1281,1405
50,10,1,Delaware,Kent County,6,34,2669,1248,1421
50,10,1,Delaware,Kent County,6,35,2687,1274,1413
50,10,1,Delaware,Kent County,6,36,2551,1261,1290
50,10,1,Delaware,Kent County,6,37,2414,1183,1231
50,10,1,Delaware,Kent County,6,38,2360,1129,1231
50,10,1,Delaware,Kent County,6,39,2389,1130,1259
50,10,1,Delaware,Kent County,6,40,2365,1119,1246
50,10,1,Delaware,Kent County,6,41,2389,1123,1266
50,10,1,Delaware,Kent County,6,42,2368,1145,1223
50,10,1,Delaware,Kent County,6,43,2291,1082,1209
50,10,1,Delaware,Kent County,6,44,2320,1116,1204
50,10,1,Delaware,Kent County,6,45,2233,1030,1203
50,10,1,Delaware,Kent County,6,46,2080,928,1152
50,10,1,Delaware,Kent County,6,47,2090,962,1128
50,10,1,Delaware,Kent County,6,48,2011,941,1070
50,10,1,Delaware,Kent County,6,49,1952,891,1061
50,10,1,Delaware,Kent County,6,50,1924,883,1041
50,10,1,Delaware,Kent County,6,51,2029,922,1107
50,10,1,Delaware,Kent County,6,52,2125,985,1140
50,10,1,Delaware,Kent County,6,53,2230,1047,1183
50,10,1,Delaware,Kent County,6,54,2318,1103,1215
50,10,1,Delaware,Kent County,6,55,2095,992,1103
50,10,1,Delaware,Kent County,6,56,2135,1012,1123
50,10,1,Delaware,Kent County,6,57,2206,1031,1175
50,10,1,Delaware,Kent County,6,58,2379,1113,1266
50,10,1,Delaware,Kent County,6,59,2388,1089,1299
50,10,1,Delaware,Kent County,6,60,2562,1223,1339
50,10,1,Delaware,Kent County,6,61,2536,1185,1351
50,10,1,Delaware,Kent County,6,62,2524,1178,1346
50,10,1,Delaware,Kent County,6,63,2492,1190,1302
50,10,1,Delaware,Kent County,6,64,2501,1160,1341
50,10,1,Delaware,Kent County,6,65,2542,1184,1358
50,10,1,Delaware,Kent County,6,66,2396,1126,1270
50,10,1,Delaware,Kent County,6,67,2422,1133,1289
50,10,1,Delaware,Kent County,6,68,2310,1052,1258
50,10,1,Delaware,Kent County,6,69,2253,1030,1223
50,10,1,Delaware,Kent County,6,70,2101,953,1148
50,10,1,Delaware,Kent County,6,71,2039,946,1093
50,10,1,Delaware,Kent County,6,72,1858,845,1013
50,10,1,Delaware,Kent County,6,73,1740,778,962
50,10,1,Delaware,Kent County,6,74,1696,777,919
50,10,1,Delaware,Kent County,6,75,1695,756,939
50,10,1,Delaware,Kent County,6,76,1686,794,892
50,10,1,Delaware,Kent County,6,77,1789,824,965
50,10,1,Delaware,Kent County,6,78,1276,567,709
50,10,1,Delaware,Kent County,6,79,1169,490,679
50,10,1,Delaware,Kent County,6,80,1137,481,656
50,10,1,Delaware,Kent County,6,81,1078,488,590
50,10,1,Delaware,Kent County,6,82,926,391,535
50,10,1,Delaware,Kent County,6,83,772,332,440
50,10,1,Delaware,Kent County,6,84,674,282,392
50,10,1,Delaware,Kent County,6,85,3375,1332,2043
50,10,3,Delaware,New Castle County,1,0,6121,3138,2983
50,10,3,Delaware,New Castle County,1,1,6180,3160,3020
50,10,3,Delaware,New Castle County,1,2,6430,3276,3154
50,10,3,Delaware,New Castle County,1,3,6584,3358,3226
50,10,3,Delaware,New Castle County,1,4,6612,3331,3281
50,10,3,Delaware,New Castle County,1,5,6652,3374,3278
50,10,3,Delaware,New Castle County,1,6,6582,3388,3194
50,10,3,Delaware,New Castle County,1,7,6613,3362,3251
50,10,3,Delaware,New Castle County,1,8,6900,3519,3381
50,10,3,Delaware,New Castle County,1,9,7002,3525,3477
50,10,3,Delaware,New Castle County,1,10,6979,3487,3492
50,10,3,Delaware,New Castle County,1,11,7135,3627,3508
50,10,3,Delaware,New Castle County,1,12,7338,3688,3650
50,10,3,Delaware,New Castle County,1,13,7318,3650,3668
50,10,3,Delaware,New Castle County,1,14,7096,3550,3546
50,10,3,Delaware,New Castle County,1,15,7156,3553,3603
50,10,3,Delaware,New Castle County,1,16,7316,3726,3590
50,10,3,Delaware,New Castle County,1,17,7291,3756,3535
50,10,3,Delaware,New Castle County,1,18,8243,4056,4187
50,10,3,Delaware,New Castle County,1,19,8515,4164,4351
50,10,3,Delaware,New Castle County,1,20,7608,3738,3870
50,10,3,Delaware,New Castle County,1,21,6689,3381,3308
50,10,3,Delaware,New Castle County,1,22,6682,3353,3329
50,10,3,Delaware,New Castle County,1,23,6739,3401,3338
50,10,3,Delaware,New Castle County,1,24,6927,3453,3474
50,10,3,Delaware,New Castle County,1,25,7243,3596,3647
50,10,3,Delaware,New Castle County,1,26,7566,3771,3795
50,10,3,Delaware,New Castle County,1,27,7763,3847,3916
50,10,3,Delaware,New Castle County,1,28,8086,4002,4084
50,10,3,Delaware,New Castle County,1,29,8575,4239,4336
50,10,3,Delaware,New Castle County,1,30,8809,4324,4485
50,10,3,Delaware,New Castle County,1,31,8832,4352,4480
50,10,3,Delaware,New Castle County,1,32,8326,4143,4183
50,10,3,Delaware,New Castle County,1,33,7922,3965,3957
50,10,3,Delaware,New Castle County,1,34,7864,3908,3956
50,10,3,Delaware,New Castle County,1,35,7686,3873,3813
50,10,3,Delaware,New Castle County,1,36,7591,3838,3753
50,10,3,Delaware,New Castle County,1,37,7654,3922,3732
50,10,3,Delaware,New Castle County,1,38,7562,3780,3782
50,10,3,Delaware,New Castle County,1,39,7560,3696,3864
50,10,3,Delaware,New Castle County,1,40,7393,3613,3780
50,10,3,Delaware,New Castle County,1,41,7316,3589,3727
50,10,3,Delaware,New Castle County,1,42,6959,3376,3583
50,10,3,Delaware,New Castle County,1,43,6596,3203,3393
50,10,3,Delaware,New Castle County,1,44,6418,3129,3289
50,10,3,Delaware,New Castle County,1,45,6530,3240,3290
50,10,3,Delaware,New Castle County,1,46,6458,3170,3288
50,10,3,Delaware,New Castle County,1,47,6656,3261,3395
50,10,3,Delaware,New Castle County,1,48,7065,3439,3626
50,10,3,Delaware,New Castle County,1,49,7802,3783,4019
50,10,3,Delaware,New Castle County,1,50,7705,3719,3986
50,10,3,Delaware,New Castle County,1,51,7454,3566,3888
50,10,3,Delaware,New Castle County,1,52,7427,3476,3951
50,10,3,Delaware,New Castle County,1,53,7688,3656,4032
50,10,3,Delaware,New Castle County,1,54,7877,3777,4100
50,10,3,Delaware,New Castle County,1,55,8077,3906,4171
50,10,3,Delaware,New Castle County,1,56,8135,3965,4170
50,10,3,Delaware,New Castle County,1,57,8161,3942,4219
50,10,3,Delaware,New Castle County,1,58,8176,3943,4233
50,10,3,Delaware,New Castle County,1,59,8009,3830,4179
50,10,3,Delaware,New Castle County,1,60,7765,3720,4045
50,10,3,Delaware,New Castle County,1,61,7675,3687,3988
50,10,3,Delaware,New Castle County,1,62,7778,3752,4026
50,10,3,Delaware,New Castle County,1,63,7394,3586,3808
50,10,3,Delaware,New Castle County,1,64,7091,3394,3697
50,10,3,Delaware,New Castle County,1,65,6741,3215,3526
50,10,3,Delaware,New Castle County,1,66,6352,2995,3357
50,10,3,Delaware,New Castle County,1,67,6154,2812,3342
50,10,3,Delaware,New Castle County,1,68,5889,2663,3226
50,10,3,Delaware,New Castle County,1,69,5434,2443,2991
50,10,3,Delaware,New Castle County,1,70,5244,2401,2843
50,10,3,Delaware,New Castle County,1,71,5094,2355,2739
50,10,3,Delaware,New Castle County,1,72,5161,2354,2807
50,10,3,Delaware,New Castle County,1,73,5117,2376,2741
50,10,3,Delaware,New Castle County,1,74,3613,1597,2016
50,10,3,Delaware,New Castle County,1,75,3573,1576,1997
50,10,3,Delaware,New Castle County,1,76,3510,1548,1962
50,10,3,Delaware,New Castle County,1,77,3492,1514,1978
50,10,3,Delaware,New Castle County,1,78,3037,1330,1707
50,10,3,Delaware,New Castle County,1,79,2624,1126,1498
50,10,3,Delaware,New Castle County,1,80,2345,994,1351
50,10,3,Delaware,New Castle County,1,81,2196,921,1275
50,10,3,Delaware,New Castle County,1,82,2055,868,1187
50,10,3,Delaware,New Castle County,1,83,1781,739,1042
50,10,3,Delaware,New Castle County,1,84,1688,691,997
50,10,3,Delaware,New Castle County,1,85,10269,3715,6554
50,10,3,Delaware,New Castle County,2,0,6107,3095,3012
50,10,3,Delaware,New Castle County,2,1,6176,3159,3017
50,10,3,Delaware,New Castle County,2,2,6386,3256,3130
50,10,3,Delaware,New Castle County,2,3,6525,3330,3195
50,10,3,Delaware,New Castle County,2,4,6608,3341,3267
50,10,3,Delaware,New Castle County,2,5,6663,3379,3284
50,10,3,Delaware,New Castle County,2,6,6618,3396,3222
50,10,3,Delaware,New Castle County,2,7,6614,3373,3241
50,10,3,Delaware,New Castle County,2,8,6824,3474,3350
50,10,3,Delaware,New Castle County,2,9,6969,3521,3448
50,10,3,Delaware,New Castle County,2,10,6982,3498,3484
50,10,3,Delaware,New Castle County,2,11,7074,3574,3500
50,10,3,Delaware,New Castle County,2,12,7334,3695,3639
50,10,3,Delaware,New Castle County,2,13,7322,3660,3662
50,10,3,Delaware,New Castle County,2,14,7154,3572,3582
50,10,3,Delaware,New Castle County,2,15,7164,3566,3598
50,10,3,Delaware,New Castle County,2,16,7293,3698,3595
50,10,3,Delaware,New Castle County,2,17,7298,3745,3553
50,10,3,Delaware,New Castle County,2,18,8245,4059,4186
50,10,3,Delaware,New Castle County,2,19,8540,4179,4361
50,10,3,Delaware,New Castle County,2,20,7684,3782,3902
50,10,3,Delaware,New Castle County,2,21,6726,3395,3331
50,10,3,Delaware,New Castle County,2,22,6676,3362,3314
50,10,3,Delaware,New Castle County,2,23,6757,3402,3355
50,10,3,Delaware,New Castle County,2,24,6868,3426,3442
50,10,3,Delaware,New Castle County,2,25,7179,3576,3603
50,10,3,Delaware,New Castle County,2,26,7518,3738,3780
50,10,3,Delaware,New Castle County,2,27,7726,3835,3891
50,10,3,Delaware,New Castle County,2,28,8014,3973,4041
50,10,3,Delaware,New Castle County,2,29,8462,4188,4274
50,10,3,Delaware,New Castle County,2,30,8773,4310,4463
50,10,3,Delaware,New Castle County,2,31,8792,4324,4468
50,10,3,Delaware,New Castle County,2,32,8418,4172,4246
50,10,3,Delaware,New Castle County,2,33,8022,4007,4015
50,10,3,Delaware,New Castle County,2,34,7851,3904,3947
50,10,3,Delaware,New Castle County,2,35,7772,3901,3871
50,10,3,Delaware,New Castle County,2,36,7561,3817,3744
50,10,3,Delaware,New Castle County,2,37,7657,3915,3742
50,10,3,Delaware,New Castle County,2,38,7628,3830,3798
50,10,3,Delaware,New Castle County,2,39,7547,3714,3833
50,10,3,Delaware,New Castle County,2,40,7487,3664,3823
50,10,3,Delaware,New Castle County,2,41,7332,3590,3742
50,10,3,Delaware,New Castle County,2,42,7012,3416,3596
50,10,3,Delaware,New Castle County,2,43,6735,3269,3466
50,10,3,Delaware,New Castle County,2,44,6415,3127,3288
50,10,3,Delaware,New Castle County,2,45,6537,3229,3308
50,10,3,Delaware,New Castle County,2,46,6464,3181,3283
50,10,3,Delaware,New Castle County,2,47,6601,3236,3365
50,10,3,Delaware,New Castle County,2,48,6968,3397,3571
50,10,3,Delaware,New Castle County,2,49,7661,3714,3947
50,10,3,Delaware,New Castle County,2,50,7747,3741,4006
50,10,3,Delaware,New Castle County,2,51,7481,3584,3897
50,10,3,Delaware,New Castle County,2,52,7411,3485,3926
50,10,3,Delaware,New Castle County,2,53,7611,3608,4003
50,10,3,Delaware,New Castle County,2,54,7793,3727,4066
50,10,3,Delaware,New Castle County,2,55,8017,3865,4152
50,10,3,Delaware,New Castle County,2,56,8135,3952,4183
50,10,3,Delaware,New Castle County,2,57,8146,3939,4207
50,10,3,Delaware,New Castle County,2,58,8160,3941,4219
50,10,3,Delaware,New Castle County,2,59,8053,3854,4199
50,10,3,Delaware,New Castle County,2,60,7803,3744,4059
50,10,3,Delaware,New Castle County,2,61,7656,3668,3988
50,10,3,Delaware,New Castle County,2,62,7721,3728,3993
50,10,3,Delaware,New Castle County,2,63,7517,3643,3874
50,10,3,Delaware,New Castle County,2,64,7101,3403,3698
50,10,3,Delaware,New Castle County,2,65,6793,3243,3550
50,10,3,Delaware,New Castle County,2,66,6436,3037,3399
50,10,3,Delaware,New Castle County,2,67,6158,2833,3325
50,10,3,Delaware,New Castle County,2,68,5891,2668,3223
50,10,3,Delaware,New Castle County,2,69,5550,2493,3057
50,10,3,Delaware,New Castle County,2,70,5260,2398,2862
50,10,3,Delaware,New Castle County,2,71,5087,2342,2745
50,10,3,Delaware,New Castle County,2,72,5034,2302,2732
50,10,3,Delaware,New Castle County,2,73,5306,2451,2855
50,10,3,Delaware,New Castle County,2,74,3741,1671,2070
50,10,3,Delaware,New Castle County,2,75,3579,1578,2001
50,10,3,Delaware,New Castle County,2,76,3469,1531,1938
50,10,3,Delaware,New Castle County,2,77,3532,1537,1995
50,10,3,Delaware,New Castle County,2,78,3079,1347,1732
50,10,3,Delaware,New Castle County,2,79,2673,1141,1532
50,10,3,Delaware,New Castle County,2,80,2384,1020,1364
50,10,3,Delaware,New Castle County,2,81,2180,920,1260
50,10,3,Delaware,New Castle County,2,82,2064,872,1192
50,10,3,Delaware,New Castle County,2,83,1812,751,1061
50,10,3,Delaware,New Castle County,2,84,1671,684,987
50,10,3,Delaware,New Castle County,2,85,10167,3692,6475
50,10,3,Delaware,New Castle County,3,0,6012,3079,2933
50,10,3,Delaware,New Castle County,3,1,6160,3114,3046
50,10,3,Delaware,New Castle County,3,2,6178,3136,3042
50,10,3,Delaware,New Castle County,3,3,6423,3285,3138
50,10,3,Delaware,New Castle County,3,4,6489,3335,3154
50,10,3,Delaware,New Castle County,3,5,6591,3333,3258
50,10,3,Delaware,New Castle County,3,6,6731,3409,3322
50,10,3,Delaware,New Castle County,3,7,6588,3391,3197
50,10,3,Delaware,New Castle County,3,8,6656,3395,3261
50,10,3,Delaware,New Castle County,3,9,6867,3485,3382
50,10,3,Delaware,New Castle County,3,10,6944,3502,3442
50,10,3,Delaware,New Castle County,3,11,6999,3504,3495
50,10,3,Delaware,New Castle County,3,12,7111,3586,3525
50,10,3,Delaware,New Castle County,3,13,7359,3711,3648
50,10,3,Delaware,New Castle County,3,14,7327,3667,3660
50,10,3,Delaware,New Castle County,3,15,7260,3623,3637
50,10,3,Delaware,New Castle County,3,16,7209,3579,3630
50,10,3,Delaware,New Castle County,3,17,7347,3712,3635
50,10,3,Delaware,New Castle County,3,18,8257,4067,4190
50,10,3,Delaware,New Castle County,3,19,8319,4096,4223
50,10,3,Delaware,New Castle County,3,20,7553,3770,3783
50,10,3,Delaware,New Castle County,3,21,6857,3463,3394
50,10,3,Delaware,New Castle County,3,22,6700,3396,3304
50,10,3,Delaware,New Castle County,3,23,6789,3453,3336
50,10,3,Delaware,New Castle County,3,24,6880,3452,3428
50,10,3,Delaware,New Castle County,3,25,6913,3475,3438
50,10,3,Delaware,New Castle County,3,26,7291,3636,3655
50,10,3,Delaware,New Castle County,3,27,7637,3787,3850
50,10,3,Delaware,New Castle County,3,28,7792,3888,3904
50,10,3,Delaware,New Castle County,3,29,8080,3986,4094
50,10,3,Delaware,New Castle County,3,30,8481,4160,4321
50,10,3,Delaware,New Castle County,3,31,8833,4308,4525
50,10,3,Delaware,New Castle County,3,32,8747,4306,4441
50,10,3,Delaware,New Castle County,3,33,8392,4145,4247
50,10,3,Delaware,New Castle County,3,34,8028,4016,4012
50,10,3,Delaware,New Castle County,3,35,7851,3909,3942
50,10,3,Delaware,New Castle County,3,36,7774,3883,3891
50,10,3,Delaware,New Castle County,3,37,7555,3801,3754
50,10,3,Delaware,New Castle County,3,38,7669,3876,3793
50,10,3,Delaware,New Castle County,3,39,7658,3813,3845
50,10,3,Delaware,New Castle County,3,40,7538,3706,3832
50,10,3,Delaware,New Castle County,3,41,7513,3659,3854
50,10,3,Delaware,New Castle County,3,42,7356,3605,3751
50,10,3,Delaware,New Castle County,3,43,6994,3403,3591
50,10,3,Delaware,New Castle County,3,44,6703,3257,3446
50,10,3,Delaware,New Castle County,3,45,6376,3081,3295
50,10,3,Delaware,New Castle County,3,46,6520,3221,3299
50,10,3,Delaware,New Castle County,3,47,6537,3201,3336
50,10,3,Delaware,New Castle County,3,48,6569,3212,3357
50,10,3,Delaware,New Castle County,3,49,6949,3372,3577
50,10,3,Delaware,New Castle County,3,50,7650,3700,3950
50,10,3,Delaware,New Castle County,3,51,7775,3756,4019
50,10,3,Delaware,New Castle County,3,52,7466,3581,3885
50,10,3,Delaware,New Castle County,3,53,7431,3492,3939
50,10,3,Delaware,New Castle County,3,54,7540,3566,3974
50,10,3,Delaware,New Castle County,3,55,7709,3708,4001
50,10,3,Delaware,New Castle County,3,56,7940,3830,4110
50,10,3,Delaware,New Castle County,3,57,8052,3909,4143
50,10,3,Delaware,New Castle County,3,58,8088,3913,4175
50,10,3,Delaware,New Castle County,3,59,8009,3861,4148
50,10,3,Delaware,New Castle County,3,60,7896,3784,4112
50,10,3,Delaware,New Castle County,3,61,7764,3703,4061
50,10,3,Delaware,New Castle County,3,62,7578,3619,3959
50,10,3,Delaware,New Castle County,3,63,7580,3643,3937
50,10,3,Delaware,New Castle County,3,64,7397,3556,3841
50,10,3,Delaware,New Castle County,3,65,6951,3318,3633
50,10,3,Delaware,New Castle County,3,66,6702,3183,3519
50,10,3,Delaware,New Castle County,3,67,6340,2974,3366
50,10,3,Delaware,New Castle County,3,68,6044,2763,3281
50,10,3,Delaware,New Castle County,3,69,5807,2614,3193
50,10,3,Delaware,New Castle County,3,70,5453,2447,3006
50,10,3,Delaware,New Castle County,3,71,5155,2323,2832
50,10,3,Delaware,New Castle County,3,72,4988,2285,2703
50,10,3,Delaware,New Castle County,3,73,4874,2197,2677
50,10,3,Delaware,New Castle County,3,74,5176,2362,2814
50,10,3,Delaware,New Castle County,3,75,3614,1597,2017
50,10,3,Delaware,New Castle County,3,76,3443,1515,1928
50,10,3,Delaware,New Castle County,3,77,3337,1448,1889
50,10,3,Delaware,New Castle County,3,78,3410,1476,1934
50,10,3,Delaware,New Castle County,3,79,2942,1258,1684
50,10,3,Delaware,New Castle County,3,80,2550,1095,1455
50,10,3,Delaware,New Castle County,3,81,2255,962,1293
50,10,3,Delaware,New Castle County,3,82,2020,839,1181
50,10,3,Delaware,New Castle County,3,83,1962,817,1145
50,10,3,Delaware,New Castle County,3,84,1663,685,978
50,10,3,Delaware,New Castle County,3,85,10193,3738,6455
50,10,3,Delaware,New Castle County,4,0,6312,3204,3108
50,10,3,Delaware,New Castle County,4,1,6148,3110,3038
50,10,3,Delaware,New Castle County,4,2,6321,3171,3150
50,10,3,Delaware,New Castle County,4,3,6307,3235,3072
50,10,3,Delaware,New Castle County,4,4,6489,3311,3178
50,10,3,Delaware,New Castle County,4,5,6539,3380,3159
50,10,3,Delaware,New Castle County,4,6,6641,3376,3265
50,10,3,Delaware,New Castle County,4,7,6779,3441,3338
50,10,3,Delaware,New Castle County,4,8,6696,3458,3238
50,10,3,Delaware,New Castle County,4,9,6729,3419,3310
50,10,3,Delaware,New Castle County,4,10,6930,3516,3414
50,10,3,Delaware,New Castle County,4,11,7025,3535,3490
50,10,3,Delaware,New Castle County,4,12,7060,3545,3515
50,10,3,Delaware,New Castle County,4,13,7150,3597,3553
50,10,3,Delaware,New Castle County,4,14,7452,3782,3670
50,10,3,Delaware,New Castle County,4,15,7426,3734,3692
50,10,3,Delaware,New Castle County,4,16,7344,3665,3679
50,10,3,Delaware,New Castle County,4,17,7220,3578,3642
50,10,3,Delaware,New Castle County,4,18,8337,4097,4240
50,10,3,Delaware,New Castle County,4,19,8459,4159,4300
50,10,3,Delaware,New Castle County,4,20,7587,3787,3800
50,10,3,Delaware,New Castle County,4,21,6882,3494,3388
50,10,3,Delaware,New Castle County,4,22,6898,3470,3428
50,10,3,Delaware,New Castle County,4,23,6873,3501,3372
50,10,3,Delaware,New Castle County,4,24,7079,3571,3508
50,10,3,Delaware,New Castle County,4,25,7018,3539,3479
50,10,3,Delaware,New Castle County,4,26,7104,3514,3590
50,10,3,Delaware,New Castle County,4,27,7447,3714,3733
50,10,3,Delaware,New Castle County,4,28,7630,3762,3868
50,10,3,Delaware,New Castle County,4,29,7919,3943,3976
50,10,3,Delaware,New Castle County,4,30,8126,3981,4145
50,10,3,Delaware,New Castle County,4,31,8632,4258,4374
50,10,3,Delaware,New Castle County,4,32,8862,4321,4541
50,10,3,Delaware,New Castle County,4,33,8731,4249,4482
50,10,3,Delaware,New Castle County,4,34,8413,4174,4239
50,10,3,Delaware,New Castle County,4,35,8124,4066,4058
50,10,3,Delaware,New Castle County,4,36,7981,3945,4036
50,10,3,Delaware,New Castle County,4,37,7799,3908,3891
50,10,3,Delaware,New Castle County,4,38,7542,3762,3780
50,10,3,Delaware,New Castle County,4,39,7764,3923,3841
50,10,3,Delaware,New Castle County,4,40,7676,3815,3861
50,10,3,Delaware,New Castle County,4,41,7600,3722,3878
50,10,3,Delaware,New Castle County,4,42,7530,3656,3874
50,10,3,Delaware,New Castle County,4,43,7385,3618,3767
50,10,3,Delaware,New Castle County,4,44,7010,3414,3596
50,10,3,Delaware,New Castle County,4,45,6704,3233,3471
50,10,3,Delaware,New Castle County,4,46,6398,3071,3327
50,10,3,Delaware,New Castle County,4,47,6557,3239,3318
50,10,3,Delaware,New Castle County,4,48,6518,3186,3332
50,10,3,Delaware,New Castle County,4,49,6574,3211,3363
50,10,3,Delaware,New Castle County,4,50,6937,3354,3583
50,10,3,Delaware,New Castle County,4,51,7634,3693,3941
50,10,3,Delaware,New Castle County,4,52,7733,3749,3984
50,10,3,Delaware,New Castle County,4,53,7421,3563,3858
50,10,3,Delaware,New Castle County,4,54,7368,3458,3910
50,10,3,Delaware,New Castle County,4,55,7450,3511,3939
50,10,3,Delaware,New Castle County,4,56,7667,3691,3976
50,10,3,Delaware,New Castle County,4,57,7837,3758,4079
50,10,3,Delaware,New Castle County,4,58,7977,3870,4107
50,10,3,Delaware,New Castle County,4,59,7951,3833,4118
50,10,3,Delaware,New Castle County,4,60,7965,3840,4125
50,10,3,Delaware,New Castle County,4,61,7786,3703,4083
50,10,3,Delaware,New Castle County,4,62,7656,3640,4016
50,10,3,Delaware,New Castle County,4,63,7412,3515,3897
50,10,3,Delaware,New Castle County,4,64,7452,3545,3907
50,10,3,Delaware,New Castle County,4,65,7341,3520,3821
50,10,3,Delaware,New Castle County,4,66,6857,3246,3611
50,10,3,Delaware,New Castle County,4,67,6601,3116,3485
50,10,3,Delaware,New Castle County,4,68,6236,2910,3326
50,10,3,Delaware,New Castle County,4,69,5943,2710,3233
50,10,3,Delaware,New Castle County,4,70,5702,2565,3137
50,10,3,Delaware,New Castle County,4,71,5377,2400,2977
50,10,3,Delaware,New Castle County,4,72,5031,2257,2774
50,10,3,Delaware,New Castle County,4,73,4893,2224,2669
50,10,3,Delaware,New Castle County,4,74,4747,2107,2640
50,10,3,Delaware,New Castle County,4,75,5024,2260,2764
50,10,3,Delaware,New Castle County,4,76,3489,1537,1952
50,10,3,Delaware,New Castle County,4,77,3294,1425,1869
50,10,3,Delaware,New Castle County,4,78,3218,1393,1825
50,10,3,Delaware,New Castle County,4,79,3269,1400,1869
50,10,3,Delaware,New Castle County,4,80,2836,1221,1615
50,10,3,Delaware,New Castle County,4,81,2406,1016,1390
50,10,3,Delaware,New Castle County,4,82,2105,891,1214
50,10,3,Delaware,New Castle County,4,83,1903,754,1149
50,10,3,Delaware,New Castle County,4,84,1811,745,1066
50,10,3,Delaware,New Castle County,4,85,10260,3800,6460
50,10,3,Delaware,New Castle County,5,0,6115,3133,2982
50,10,3,Delaware,New Castle County,5,1,6523,3327,3196
50,10,3,Delaware,New Castle County,5,2,6331,3139,3192
50,10,3,Delaware,New Castle County,5,3,6370,3206,3164
50,10,3,Delaware,New Castle County,5,4,6341,3259,3082
50,10,3,Delaware,New Castle County,5,5,6567,3340,3227
50,10,3,Delaware,New Castle County,5,6,6644,3430,3214
50,10,3,Delaware,New Castle County,5,7,6700,3442,3258
50,10,3,Delaware,New Castle County,5,8,6828,3470,3358
50,10,3,Delaware,New Castle County,5,9,6789,3516,3273
50,10,3,Delaware,New Castle County,5,10,6803,3461,3342
50,10,3,Delaware,New Castle County,5,11,6985,3503,3482
50,10,3,Delaware,New Castle County,5,12,7201,3615,3586
50,10,3,Delaware,New Castle County,5,13,7144,3578,3566
50,10,3,Delaware,New Castle County,5,14,7201,3621,3580
50,10,3,Delaware,New Castle County,5,15,7586,3852,3734
50,10,3,Delaware,New Castle County,5,16,7501,3788,3713
50,10,3,Delaware,New Castle County,5,17,7470,3724,3746
50,10,3,Delaware,New Castle County,5,18,8270,3999,4271
50,10,3,Delaware,New Castle County,5,19,8630,4261,4369
50,10,3,Delaware,New Castle County,5,20,7764,3852,3912
50,10,3,Delaware,New Castle County,5,21,6891,3519,3372
50,10,3,Delaware,New Castle County,5,22,6986,3581,3405
50,10,3,Delaware,New Castle County,5,23,7132,3634,3498
50,10,3,Delaware,New Castle County,5,24,7278,3640,3638
50,10,3,Delaware,New Castle County,5,25,7212,3659,3553
50,10,3,Delaware,New Castle County,5,26,7174,3579,3595
50,10,3,Delaware,New Castle County,5,27,7156,3522,3634
50,10,3,Delaware,New Castle County,5,28,7476,3702,3774
50,10,3,Delaware,New Castle County,5,29,7793,3842,3951
50,10,3,Delaware,New Castle County,5,30,8000,3965,4035
50,10,3,Delaware,New Castle County,5,31,8277,4087,4190
50,10,3,Delaware,New Castle County,5,32,8669,4273,4396
50,10,3,Delaware,New Castle County,5,33,8930,4333,4597
50,10,3,Delaware,New Castle County,5,34,8787,4306,4481
50,10,3,Delaware,New Castle County,5,35,8492,4173,4319
50,10,3,Delaware,New Castle County,5,36,8240,4117,4123
50,10,3,Delaware,New Castle County,5,37,8150,4019,4131
50,10,3,Delaware,New Castle County,5,38,7880,3918,3962
50,10,3,Delaware,New Castle County,5,39,7648,3830,3818
50,10,3,Delaware,New Castle County,5,40,7807,3907,3900
50,10,3,Delaware,New Castle County,5,41,7767,3860,3907
50,10,3,Delaware,New Castle County,5,42,7711,3795,3916
50,10,3,Delaware,New Castle County,5,43,7571,3659,3912
50,10,3,Delaware,New Castle County,5,44,7396,3591,3805
50,10,3,Delaware,New Castle County,5,45,7038,3377,3661
50,10,3,Delaware,New Castle County,5,46,6701,3215,3486
50,10,3,Delaware,New Castle County,5,47,6423,3086,3337
50,10,3,Delaware,New Castle County,5,48,6539,3214,3325
50,10,3,Delaware,New Castle County,5,49,6529,3209,3320
50,10,3,Delaware,New Castle County,5,50,6630,3207,3423
50,10,3,Delaware,New Castle County,5,51,6952,3348,3604
50,10,3,Delaware,New Castle County,5,52,7593,3679,3914
50,10,3,Delaware,New Castle County,5,53,7708,3732,3976
50,10,3,Delaware,New Castle County,5,54,7385,3533,3852
50,10,3,Delaware,New Castle County,5,55,7333,3454,3879
50,10,3,Delaware,New Castle County,5,56,7389,3489,3900
50,10,3,Delaware,New Castle County,5,57,7605,3654,3951
50,10,3,Delaware,New Castle County,5,58,7819,3720,4099
50,10,3,Delaware,New Castle County,5,59,7920,3832,4088
50,10,3,Delaware,New Castle County,5,60,7919,3822,4097
50,10,3,Delaware,New Castle County,5,61,7924,3789,4135
50,10,3,Delaware,New Castle County,5,62,7765,3678,4087
50,10,3,Delaware,New Castle County,5,63,7520,3564,3956
50,10,3,Delaware,New Castle County,5,64,7362,3474,3888
50,10,3,Delaware,New Castle County,5,65,7377,3495,3882
50,10,3,Delaware,New Castle County,5,66,7233,3459,3774
50,10,3,Delaware,New Castle County,5,67,6778,3197,3581
50,10,3,Delaware,New Castle County,5,68,6529,3060,3469
50,10,3,Delaware,New Castle County,5,69,6157,2862,3295
50,10,3,Delaware,New Castle County,5,70,5841,2665,3176
50,10,3,Delaware,New Castle County,5,71,5609,2523,3086
50,10,3,Delaware,New Castle County,5,72,5258,2333,2925
50,10,3,Delaware,New Castle County,5,73,4963,2227,2736
50,10,3,Delaware,New Castle County,5,74,4769,2156,2613
50,10,3,Delaware,New Castle County,5,75,4636,2049,2587
50,10,3,Delaware,New Castle County,5,76,4891,2208,2683
50,10,3,Delaware,New Castle County,5,77,3343,1458,1885
50,10,3,Delaware,New Castle County,5,78,3196,1366,1830
50,10,3,Delaware,New Castle County,5,79,3074,1291,1783
50,10,3,Delaware,New Castle County,5,80,3147,1351,1796
50,10,3,Delaware,New Castle County,5,81,2690,1137,1553
50,10,3,Delaware,New Castle County,5,82,2276,951,1325
50,10,3,Delaware,New Castle County,5,83,1986,812,1174
50,10,3,Delaware,New Castle County,5,84,1747,696,1051
50,10,3,Delaware,New Castle County,5,85,10585,3987,6598
50,10,3,Delaware,New Castle County,6,0,5930,3036,2894
50,10,3,Delaware,New Castle County,6,1,6200,3207,2993
50,10,3,Delaware,New Castle County,6,2,6685,3339,3346
50,10,3,Delaware,New Castle County,6,3,6333,3155,3178
50,10,3,Delaware,New Castle County,6,4,6400,3221,3179
50,10,3,Delaware,New Castle County,6,5,6448,3309,3139
50,10,3,Delaware,New Castle County,6,6,6659,3385,3274
50,10,3,Delaware,New Castle County,6,7,6682,3456,3226
50,10,3,Delaware,New Castle County,6,8,6754,3493,3261
50,10,3,Delaware,New Castle County,6,9,6842,3465,3377
50,10,3,Delaware,New Castle County,6,10,6829,3547,3282
50,10,3,Delaware,New Castle County,6,11,6924,3493,3431
50,10,3,Delaware,New Castle County,6,12,7102,3570,3532
50,10,3,Delaware,New Castle County,6,13,7197,3629,3568
50,10,3,Delaware,New Castle County,6,14,7154,3578,3576
50,10,3,Delaware,New Castle County,6,15,7307,3667,3640
50,10,3,Delaware,New Castle County,6,16,7604,3867,3737
50,10,3,Delaware,New Castle County,6,17,7585,3807,3778
50,10,3,Delaware,New Castle County,6,18,8489,4121,4368
50,10,3,Delaware,New Castle County,6,19,8602,4206,4396
50,10,3,Delaware,New Castle County,6,20,7963,3954,4009
50,10,3,Delaware,New Castle County,6,21,7067,3576,3491
50,10,3,Delaware,New Castle County,6,22,7054,3631,3423
50,10,3,Delaware,New Castle County,6,23,7273,3746,3527
50,10,3,Delaware,New Castle County,6,24,7428,3687,3741
50,10,3,Delaware,New Castle County,6,25,7502,3786,3716
50,10,3,Delaware,New Castle County,6,26,7512,3833,3679
50,10,3,Delaware,New Castle County,6,27,7384,3657,3727
50,10,3,Delaware,New Castle County,6,28,7212,3523,3689
50,10,3,Delaware,New Castle County,6,29,7685,3773,3912
50,10,3,Delaware,New Castle County,6,30,7917,3905,4012
50,10,3,Delaware,New Castle County,6,31,8118,4067,4051
50,10,3,Delaware,New Castle County,6,32,8371,4122,4249
50,10,3,Delaware,New Castle County,6,33,8868,4363,4505
50,10,3,Delaware,New Castle County,6,34,9032,4378,4654
50,10,3,Delaware,New Castle County,6,35,8907,4304,4603
50,10,3,Delaware,New Castle County,6,36,8673,4265,4408
50,10,3,Delaware,New Castle County,6,37,8353,4144,4209
50,10,3,Delaware,New Castle County,6,38,8248,4005,4243
50,10,3,Delaware,New Castle County,6,39,7971,3989,3982
50,10,3,Delaware,New Castle County,6,40,7736,3869,3867
50,10,3,Delaware,New Castle County,6,41,7880,3935,3945
50,10,3,Delaware,New Castle County,6,42,7866,3941,3925
50,10,3,Delaware,New Castle County,6,43,7702,3811,3891
50,10,3,Delaware,New Castle County,6,44,7599,3655,3944
50,10,3,Delaware,New Castle County,6,45,7409,3549,3860
50,10,3,Delaware,New Castle County,6,46,7044,3372,3672
50,10,3,Delaware,New Castle County,6,47,6741,3237,3504
50,10,3,Delaware,New Castle County,6,48,6436,3094,3342
50,10,3,Delaware,New Castle County,6,49,6547,3180,3367
50,10,3,Delaware,New Castle County,6,50,6493,3176,3317
50,10,3,Delaware,New Castle County,6,51,6617,3223,3394
50,10,3,Delaware,New Castle County,6,52,6878,3290,3588
50,10,3,Delaware,New Castle County,6,53,7608,3685,3923
50,10,3,Delaware,New Castle County,6,54,7641,3664,3977
50,10,3,Delaware,New Castle County,6,55,7333,3517,3816
50,10,3,Delaware,New Castle County,6,56,7255,3436,3819
50,10,3,Delaware,New Castle County,6,57,7325,3459,3866
50,10,3,Delaware,New Castle County,6,58,7549,3633,3916
50,10,3,Delaware,New Castle County,6,59,7744,3675,4069
50,10,3,Delaware,New Castle County,6,60,7867,3787,4080
50,10,3,Delaware,New Castle County,6,61,7860,3769,4091
50,10,3,Delaware,New Castle County,6,62,7850,3759,4091
50,10,3,Delaware,New Castle County,6,63,7643,3598,4045
50,10,3,Delaware,New Castle County,6,64,7429,3525,3904
50,10,3,Delaware,New Castle County,6,65,7308,3396,3912
50,10,3,Delaware,New Castle County,6,66,7300,3430,3870
50,10,3,Delaware,New Castle County,6,67,7135,3393,3742
50,10,3,Delaware,New Castle County,6,68,6657,3116,3541
50,10,3,Delaware,New Castle County,6,69,6422,3000,3422
50,10,3,Delaware,New Castle County,6,70,6051,2828,3223
50,10,3,Delaware,New Castle County,6,71,5764,2616,3148
50,10,3,Delaware,New Castle County,6,72,5517,2467,3050
50,10,3,Delaware,New Castle County,6,73,5147,2251,2896
50,10,3,Delaware,New Castle County,6,74,4854,2168,2686
50,10,3,Delaware,New Castle County,6,75,4661,2099,2562
50,10,3,Delaware,New Castle County,6,76,4524,2006,2518
50,10,3,Delaware,New Castle County,6,77,4700,2092,2608
50,10,3,Delaware,New Castle County,6,78,3247,1396,1851
50,10,3,Delaware,New Castle County,6,79,3060,1276,1784
50,10,3,Delaware,New Castle County,6,80,2967,1241,1726
50,10,3,Delaware,New Castle County,6,81,2987,1251,1736
50,10,3,Delaware,New Castle County,6,82,2563,1076,1487
50,10,3,Delaware,New Castle County,6,83,2145,868,1277
50,10,3,Delaware,New Castle County,6,84,1851,760,1091
50,10,3,Delaware,New Castle County,6,85,10917,4171,6746
50,10,5,Delaware,Sussex County,1,0,2330,1179,1151
50,10,5,Delaware,Sussex County,1,1,2398,1221,1177
50,10,5,Delaware,Sussex County,1,2,2410,1261,1149
50,10,5,Delaware,Sussex County,1,3,2390,1239,1151
50,10,5,Delaware,Sussex County,1,4,2467,1204,1263
50,10,5,Delaware,Sussex County,1,5,2389,1181,1208
50,10,5,Delaware,Sussex County,1,6,2411,1207,1204
50,10,5,Delaware,Sussex County,1,7,2403,1210,1193
50,10,5,Delaware,Sussex County,1,8,2438,1258,1180
50,10,5,Delaware,Sussex County,1,9,2446,1277,1169
50,10,5,Delaware,Sussex County,1,10,2586,1361,1225
50,10,5,Delaware,Sussex County,1,11,2637,1355,1282
50,10,5,Delaware,Sussex County,1,12,2686,1364,1322
50,10,5,Delaware,Sussex County,1,13,2667,1344,1323
50,10,5,Delaware,Sussex County,1,14,2654,1325,1329
50,10,5,Delaware,Sussex County,1,15,2588,1312,1276
50,10,5,Delaware,Sussex County,1,16,2454,1256,1198
50,10,5,Delaware,Sussex County,1,17,2439,1232,1207
50,10,5,Delaware,Sussex County,1,18,2136,1143,993
50,10,5,Delaware,Sussex County,1,19,1827,971,856
50,10,5,Delaware,Sussex County,1,20,1932,1024,908
50,10,5,Delaware,Sussex County,1,21,2041,1073,968
50,10,5,Delaware,Sussex County,1,22,2077,1084,993
50,10,5,Delaware,Sussex County,1,23,2081,1061,1020
50,10,5,Delaware,Sussex County,1,24,2156,1107,1049
50,10,5,Delaware,Sussex County,1,25,2244,1167,1077
50,10,5,Delaware,Sussex County,1,26,2333,1206,1127
50,10,5,Delaware,Sussex County,1,27,2360,1203,1157
50,10,5,Delaware,Sussex County,1,28,2360,1190,1170
50,10,5,Delaware,Sussex County,1,29,2428,1226,1202
50,10,5,Delaware,Sussex County,1,30,2473,1257,1216
50,10,5,Delaware,Sussex County,1,31,2282,1102,1180
50,10,5,Delaware,Sussex County,1,32,2260,1091,1169
50,10,5,Delaware,Sussex County,1,33,2351,1145,1206
50,10,5,Delaware,Sussex County,1,34,2342,1139,1203
50,10,5,Delaware,Sussex County,1,35,2425,1244,1181
50,10,5,Delaware,Sussex County,1,36,2407,1242,1165
50,10,5,Delaware,Sussex County,1,37,2390,1200,1190
50,10,5,Delaware,Sussex County,1,38,2355,1140,1215
50,10,5,Delaware,Sussex County,1,39,2270,1114,1156
50,10,5,Delaware,Sussex County,1,40,2292,1161,1131
50,10,5,Delaware,Sussex County,1,41,2231,1128,1103
50,10,5,Delaware,Sussex County,1,42,2247,1115,1132
50,10,5,Delaware,Sussex County,1,43,2169,1063,1106
50,10,5,Delaware,Sussex County,1,44,2108,1013,1095
50,10,5,Delaware,Sussex County,1,45,2181,1049,1132
50,10,5,Delaware,Sussex County,1,46,2163,1050,1113
50,10,5,Delaware,Sussex County,1,47,2346,1192,1154
50,10,5,Delaware,Sussex County,1,48,2472,1233,1239
50,10,5,Delaware,Sussex County,1,49,2680,1288,1392
50,10,5,Delaware,Sussex County,1,50,2623,1280,1343
50,10,5,Delaware,Sussex County,1,51,2552,1258,1294
50,10,5,Delaware,Sussex County,1,52,2661,1320,1341
50,10,5,Delaware,Sussex County,1,53,2872,1377,1495
50,10,5,Delaware,Sussex County,1,54,3009,1467,1542
50,10,5,Delaware,Sussex County,1,55,3286,1555,1731
50,10,5,Delaware,Sussex County,1,56,3428,1628,1800
50,10,5,Delaware,Sussex County,1,57,3576,1673,1903
50,10,5,Delaware,Sussex County,1,58,3665,1681,1984
50,10,5,Delaware,Sussex County,1,59,3822,1742,2080
50,10,5,Delaware,Sussex County,1,60,3886,1818,2068
50,10,5,Delaware,Sussex County,1,61,4097,1894,2203
50,10,5,Delaware,Sussex County,1,62,4349,1991,2358
50,10,5,Delaware,Sussex County,1,63,4346,1941,2405
50,10,5,Delaware,Sussex County,1,64,4511,2041,2470
50,10,5,Delaware,Sussex County,1,65,4604,2102,2502
50,10,5,Delaware,Sussex County,1,66,4750,2230,2520
50,10,5,Delaware,Sussex County,1,67,4686,2197,2489
50,10,5,Delaware,Sussex County,1,68,4631,2145,2486
50,10,5,Delaware,Sussex County,1,69,4342,2068,2274
50,10,5,Delaware,Sussex County,1,70,4243,2036,2207
50,10,5,Delaware,Sussex County,1,71,4163,1969,2194
50,10,5,Delaware,Sussex County,1,72,4300,2058,2242
50,10,5,Delaware,Sussex County,1,73,4246,2061,2185
50,10,5,Delaware,Sussex County,1,74,2881,1397,1484
50,10,5,Delaware,Sussex County,1,75,2846,1411,1435
50,10,5,Delaware,Sussex County,1,76,2793,1356,1437
50,10,5,Delaware,Sussex County,1,77,2726,1321,1405
50,10,5,Delaware,Sussex County,1,78,2195,1073,1122
50,10,5,Delaware,Sussex County,1,79,1884,914,970
50,10,5,Delaware,Sussex County,1,80,1685,798,887
50,10,5,Delaware,Sussex County,1,81,1555,741,814
50,10,5,Delaware,Sussex County,1,82,1399,681,718
50,10,5,Delaware,Sussex County,1,83,1193,549,644
50,10,5,Delaware,Sussex County,1,84,1048,503,545
50,10,5,Delaware,Sussex County,1,85,5325,2033,3292
50,10,5,Delaware,Sussex County,2,0,2308,1177,1131
50,10,5,Delaware,Sussex County,2,1,2387,1215,1172
50,10,5,Delaware,Sussex County,2,2,2405,1252,1153
50,10,5,Delaware,Sussex County,2,3,2383,1239,1144
50,10,5,Delaware,Sussex County,2,4,2458,1219,1239
50,10,5,Delaware,Sussex County,2,5,2415,1189,1226
50,10,5,Delaware,Sussex County,2,6,2410,1203,1207
50,10,5,Delaware,Sussex County,2,7,2408,1213,1195
50,10,5,Delaware,Sussex County,2,8,2430,1246,1184
50,10,5,Delaware,Sussex County,2,9,2460,1282,1178
50,10,5,Delaware,Sussex County,2,10,2564,1346,1218
50,10,5,Delaware,Sussex County,2,11,2625,1357,1268
50,10,5,Delaware,Sussex County,2,12,2695,1372,1323
50,10,5,Delaware,Sussex County,2,13,2679,1353,1326
50,10,5,Delaware,Sussex County,2,14,2663,1331,1332
50,10,5,Delaware,Sussex County,2,15,2613,1316,1297
50,10,5,Delaware,Sussex County,2,16,2504,1277,1227
50,10,5,Delaware,Sussex County,2,17,2454,1242,1212
50,10,5,Delaware,Sussex County,2,18,2134,1131,1003
50,10,5,Delaware,Sussex County,2,19,1841,977,864
50,10,5,Delaware,Sussex County,2,20,1961,1033,928
50,10,5,Delaware,Sussex County,2,21,2029,1058,971
50,10,5,Delaware,Sussex County,2,22,2090,1078,1012
50,10,5,Delaware,Sussex County,2,23,2097,1068,1029
50,10,5,Delaware,Sussex County,2,24,2135,1089,1046
50,10,5,Delaware,Sussex County,2,25,2222,1145,1077
50,10,5,Delaware,Sussex County,2,26,2315,1192,1123
50,10,5,Delaware,Sussex County,2,27,2351,1197,1154
50,10,5,Delaware,Sussex County,2,28,2360,1190,1170
50,10,5,Delaware,Sussex County,2,29,2416,1214,1202
50,10,5,Delaware,Sussex County,2,30,2472,1246,1226
50,10,5,Delaware,Sussex County,2,31,2321,1135,1186
50,10,5,Delaware,Sussex County,2,32,2267,1089,1178
50,10,5,Delaware,Sussex County,2,33,2326,1129,1197
50,10,5,Delaware,Sussex County,2,34,2348,1138,1210
50,10,5,Delaware,Sussex County,2,35,2429,1226,1203
50,10,5,Delaware,Sussex County,2,36,2396,1230,1166
50,10,5,Delaware,Sussex County,2,37,2401,1206,1195
50,10,5,Delaware,Sussex County,2,38,2372,1156,1216
50,10,5,Delaware,Sussex County,2,39,2291,1119,1172
50,10,5,Delaware,Sussex County,2,40,2312,1159,1153
50,10,5,Delaware,Sussex County,2,41,2253,1138,1115
50,10,5,Delaware,Sussex County,2,42,2239,1114,1125
50,10,5,Delaware,Sussex County,2,43,2205,1079,1126
50,10,5,Delaware,Sussex County,2,44,2106,1014,1092
50,10,5,Delaware,Sussex County,2,45,2173,1043,1130
50,10,5,Delaware,Sussex County,2,46,2157,1043,1114
50,10,5,Delaware,Sussex County,2,47,2305,1160,1145
50,10,5,Delaware,Sussex County,2,48,2447,1219,1228
50,10,5,Delaware,Sussex County,2,49,2657,1289,1368
50,10,5,Delaware,Sussex County,2,50,2643,1282,1361
50,10,5,Delaware,Sussex County,2,51,2569,1257,1312
50,10,5,Delaware,Sussex County,2,52,2647,1306,1341
50,10,5,Delaware,Sussex County,2,53,2845,1373,1472
50,10,5,Delaware,Sussex County,2,54,2999,1456,1543
50,10,5,Delaware,Sussex County,2,55,3255,1548,1707
50,10,5,Delaware,Sussex County,2,56,3455,1639,1816
50,10,5,Delaware,Sussex County,2,57,3588,1681,1907
50,10,5,Delaware,Sussex County,2,58,3689,1692,1997
50,10,5,Delaware,Sussex County,2,59,3853,1753,2100
50,10,5,Delaware,Sussex County,2,60,3927,1827,2100
50,10,5,Delaware,Sussex County,2,61,4105,1899,2206
50,10,5,Delaware,Sussex County,2,62,4359,1996,2363
50,10,5,Delaware,Sussex County,2,63,4482,2012,2470
50,10,5,Delaware,Sussex County,2,64,4530,2045,2485
50,10,5,Delaware,Sussex County,2,65,4663,2125,2538
50,10,5,Delaware,Sussex County,2,66,4784,2236,2548
50,10,5,Delaware,Sussex County,2,67,4750,2230,2520
50,10,5,Delaware,Sussex County,2,68,4659,2171,2488
50,10,5,Delaware,Sussex County,2,69,4470,2112,2358
50,10,5,Delaware,Sussex County,2,70,4285,2050,2235
50,10,5,Delaware,Sussex County,2,71,4202,1997,2205
50,10,5,Delaware,Sussex County,2,72,4204,2010,2194
50,10,5,Delaware,Sussex County,2,73,4475,2167,2308
50,10,5,Delaware,Sussex County,2,74,3016,1461,1555
50,10,5,Delaware,Sussex County,2,75,2847,1408,1439
50,10,5,Delaware,Sussex County,2,76,2766,1346,1420
50,10,5,Delaware,Sussex County,2,77,2801,1363,1438
50,10,5,Delaware,Sussex County,2,78,2256,1099,1157
50,10,5,Delaware,Sussex County,2,79,1930,934,996
50,10,5,Delaware,Sussex County,2,80,1708,811,897
50,10,5,Delaware,Sussex County,2,81,1553,738,815
50,10,5,Delaware,Sussex County,2,82,1422,681,741
50,10,5,Delaware,Sussex County,2,83,1219,566,653
50,10,5,Delaware,Sussex County,2,84,1055,505,550
50,10,5,Delaware,Sussex County,2,85,5354,2072,3282
50,10,5,Delaware,Sussex County,3,0,2156,1116,1040
50,10,5,Delaware,Sussex County,3,1,2394,1232,1162
50,10,5,Delaware,Sussex County,3,2,2409,1207,1202
50,10,5,Delaware,Sussex County,3,3,2442,1262,1180
50,10,5,Delaware,Sussex County,3,4,2444,1260,1184
50,10,5,Delaware,Sussex County,3,5,2531,1252,1279
50,10,5,Delaware,Sussex County,3,6,2474,1216,1258
50,10,5,Delaware,Sussex County,3,7,2505,1255,1250
50,10,5,Delaware,Sussex County,3,8,2449,1242,1207
50,10,5,Delaware,Sussex County,3,9,2475,1253,1222
50,10,5,Delaware,Sussex County,3,10,2514,1313,1201
50,10,5,Delaware,Sussex County,3,11,2614,1374,1240
50,10,5,Delaware,Sussex County,3,12,2658,1396,1262
50,10,5,Delaware,Sussex County,3,13,2727,1391,1336
50,10,5,Delaware,Sussex County,3,14,2726,1384,1342
50,10,5,Delaware,Sussex County,3,15,2702,1352,1350
50,10,5,Delaware,Sussex County,3,16,2644,1336,1308
50,10,5,Delaware,Sussex County,3,17,2565,1312,1253
50,10,5,Delaware,Sussex County,3,18,2187,1141,1046
50,10,5,Delaware,Sussex County,3,19,1929,1026,903
50,10,5,Delaware,Sussex County,3,20,2052,1095,957
50,10,5,Delaware,Sussex County,3,21,2100,1094,1006
50,10,5,Delaware,Sussex County,3,22,2265,1169,1096
50,10,5,Delaware,Sussex County,3,23,2220,1137,1083
50,10,5,Delaware,Sussex County,3,24,2209,1146,1063
50,10,5,Delaware,Sussex County,3,25,2229,1154,1075
50,10,5,Delaware,Sussex County,3,26,2313,1186,1127
50,10,5,Delaware,Sussex County,3,27,2367,1225,1142
50,10,5,Delaware,Sussex County,3,28,2457,1244,1213
50,10,5,Delaware,Sussex County,3,29,2452,1244,1208
50,10,5,Delaware,Sussex County,3,30,2506,1265,1241
50,10,5,Delaware,Sussex County,3,31,2559,1288,1271
50,10,5,Delaware,Sussex County,3,32,2374,1167,1207
50,10,5,Delaware,Sussex County,3,33,2365,1146,1219
50,10,5,Delaware,Sussex County,3,34,2401,1155,1246
50,10,5,Delaware,Sussex County,3,35,2453,1210,1243
50,10,5,Delaware,Sussex County,3,36,2554,1294,1260
50,10,5,Delaware,Sussex County,3,37,2436,1253,1183
50,10,5,Delaware,Sussex County,3,38,2483,1253,1230
50,10,5,Delaware,Sussex County,3,39,2442,1191,1251
50,10,5,Delaware,Sussex County,3,40,2370,1163,1207
50,10,5,Delaware,Sussex County,3,41,2413,1214,1199
50,10,5,Delaware,Sussex County,3,42,2355,1190,1165
50,10,5,Delaware,Sussex County,3,43,2342,1182,1160
50,10,5,Delaware,Sussex County,3,44,2271,1111,1160
50,10,5,Delaware,Sussex County,3,45,2164,1032,1132
50,10,5,Delaware,Sussex County,3,46,2231,1087,1144
50,10,5,Delaware,Sussex County,3,47,2251,1086,1165
50,10,5,Delaware,Sussex County,3,48,2367,1190,1177
50,10,5,Delaware,Sussex County,3,49,2559,1271,1288
50,10,5,Delaware,Sussex County,3,50,2770,1363,1407
50,10,5,Delaware,Sussex County,3,51,2770,1343,1427
50,10,5,Delaware,Sussex County,3,52,2690,1312,1378
50,10,5,Delaware,Sussex County,3,53,2792,1372,1420
50,10,5,Delaware,Sussex County,3,54,2996,1449,1547
50,10,5,Delaware,Sussex County,3,55,3189,1537,1652
50,10,5,Delaware,Sussex County,3,56,3501,1649,1852
50,10,5,Delaware,Sussex County,3,57,3764,1754,2010
50,10,5,Delaware,Sussex County,3,58,3879,1826,2053
50,10,5,Delaware,Sussex County,3,59,4030,1824,2206
50,10,5,Delaware,Sussex County,3,60,4274,1919,2355
50,10,5,Delaware,Sussex County,3,61,4317,2013,2304
50,10,5,Delaware,Sussex County,3,62,4495,2060,2435
50,10,5,Delaware,Sussex County,3,63,4825,2186,2639
50,10,5,Delaware,Sussex County,3,64,4956,2249,2707
50,10,5,Delaware,Sussex County,3,65,4902,2231,2671
50,10,5,Delaware,Sussex County,3,66,4942,2257,2685
50,10,5,Delaware,Sussex County,3,67,5027,2355,2672
50,10,5,Delaware,Sussex County,3,68,4921,2312,2609
50,10,5,Delaware,Sussex County,3,69,4853,2272,2581
50,10,5,Delaware,Sussex County,3,70,4529,2135,2394
50,10,5,Delaware,Sussex County,3,71,4330,2085,2245
50,10,5,Delaware,Sussex County,3,72,4228,2013,2215
50,10,5,Delaware,Sussex County,3,73,4199,2017,2182
50,10,5,Delaware,Sussex County,3,74,4467,2162,2305
50,10,5,Delaware,Sussex County,3,75,2936,1422,1514
50,10,5,Delaware,Sussex County,3,76,2775,1361,1414
50,10,5,Delaware,Sussex County,3,77,2692,1323,1369
50,10,5,Delaware,Sussex County,3,78,2695,1285,1410
50,10,5,Delaware,Sussex County,3,79,2160,1053,1107
50,10,5,Delaware,Sussex County,3,80,1862,898,964
50,10,5,Delaware,Sussex County,3,81,1583,741,842
50,10,5,Delaware,Sussex County,3,82,1421,664,757
50,10,5,Delaware,Sussex County,3,83,1348,628,720
50,10,5,Delaware,Sussex County,3,84,1104,521,583
50,10,5,Delaware,Sussex County,3,85,5550,2167,3383
50,10,5,Delaware,Sussex County,4,0,2481,1269,1212
50,10,5,Delaware,Sussex County,4,1,2199,1146,1053
50,10,5,Delaware,Sussex County,4,2,2415,1267,1148
50,10,5,Delaware,Sussex County,4,3,2446,1226,1220
50,10,5,Delaware,Sussex County,4,4,2495,1281,1214
50,10,5,Delaware,Sussex County,4,5,2484,1284,1200
50,10,5,Delaware,Sussex County,4,6,2585,1276,1309
50,10,5,Delaware,Sussex County,4,7,2548,1256,1292
50,10,5,Delaware,Sussex County,4,8,2560,1285,1275
50,10,5,Delaware,Sussex County,4,9,2502,1260,1242
50,10,5,Delaware,Sussex County,4,10,2535,1276,1259
50,10,5,Delaware,Sussex County,4,11,2560,1322,1238
50,10,5,Delaware,Sussex County,4,12,2676,1407,1269
50,10,5,Delaware,Sussex County,4,13,2708,1450,1258
50,10,5,Delaware,Sussex County,4,14,2815,1435,1380
50,10,5,Delaware,Sussex County,4,15,2775,1414,1361
50,10,5,Delaware,Sussex County,4,16,2747,1367,1380
50,10,5,Delaware,Sussex County,4,17,2705,1342,1363
50,10,5,Delaware,Sussex County,4,18,2242,1196,1046
50,10,5,Delaware,Sussex County,4,19,1887,999,888
50,10,5,Delaware,Sussex County,4,20,2099,1091,1008
50,10,5,Delaware,Sussex County,4,21,2224,1153,1071
50,10,5,Delaware,Sussex County,4,22,2288,1213,1075
50,10,5,Delaware,Sussex County,4,23,2403,1229,1174
50,10,5,Delaware,Sussex County,4,24,2290,1166,1124
50,10,5,Delaware,Sussex County,4,25,2322,1169,1153
50,10,5,Delaware,Sussex County,4,26,2240,1159,1081
50,10,5,Delaware,Sussex County,4,27,2369,1213,1156
50,10,5,Delaware,Sussex County,4,28,2403,1224,1179
50,10,5,Delaware,Sussex County,4,29,2487,1270,1217
50,10,5,Delaware,Sussex County,4,30,2517,1245,1272
50,10,5,Delaware,Sussex County,4,31,2564,1288,1276
50,10,5,Delaware,Sussex County,4,32,2631,1334,1297
50,10,5,Delaware,Sussex County,4,33,2479,1246,1233
50,10,5,Delaware,Sussex County,4,34,2425,1185,1240
50,10,5,Delaware,Sussex County,4,35,2496,1219,1277
50,10,5,Delaware,Sussex County,4,36,2531,1234,1297
50,10,5,Delaware,Sussex County,4,37,2611,1309,1302
50,10,5,Delaware,Sussex County,4,38,2529,1293,1236
50,10,5,Delaware,Sussex County,4,39,2564,1294,1270
50,10,5,Delaware,Sussex County,4,40,2459,1204,1255
50,10,5,Delaware,Sussex County,4,41,2425,1176,1249
50,10,5,Delaware,Sussex County,4,42,2437,1217,1220
50,10,5,Delaware,Sussex County,4,43,2414,1213,1201
50,10,5,Delaware,Sussex County,4,44,2408,1217,1191
50,10,5,Delaware,Sussex County,4,45,2332,1135,1197
50,10,5,Delaware,Sussex County,4,46,2155,1020,1135
50,10,5,Delaware,Sussex County,4,47,2324,1125,1199
50,10,5,Delaware,Sussex County,4,48,2287,1088,1199
50,10,5,Delaware,Sussex County,4,49,2444,1216,1228
50,10,5,Delaware,Sussex County,4,50,2654,1315,1339
50,10,5,Delaware,Sussex County,4,51,2855,1406,1449
50,10,5,Delaware,Sussex County,4,52,2855,1396,1459
50,10,5,Delaware,Sussex County,4,53,2819,1362,1457
50,10,5,Delaware,Sussex County,4,54,2930,1419,1511
50,10,5,Delaware,Sussex County,4,55,3175,1506,1669
50,10,5,Delaware,Sussex County,4,56,3439,1649,1790
50,10,5,Delaware,Sussex County,4,57,3769,1779,1990
50,10,5,Delaware,Sussex County,4,58,4055,1889,2166
50,10,5,Delaware,Sussex County,4,59,4191,1983,2208
50,10,5,Delaware,Sussex County,4,60,4385,1970,2415
50,10,5,Delaware,Sussex County,4,61,4705,2086,2619
50,10,5,Delaware,Sussex County,4,62,4716,2171,2545
50,10,5,Delaware,Sussex County,4,63,4973,2284,2689
50,10,5,Delaware,Sussex County,4,64,5257,2383,2874
50,10,5,Delaware,Sussex County,4,65,5356,2427,2929
50,10,5,Delaware,Sussex County,4,66,5224,2387,2837
50,10,5,Delaware,Sussex County,4,67,5295,2451,2844
50,10,5,Delaware,Sussex County,4,68,5262,2458,2804
50,10,5,Delaware,Sussex County,4,69,5111,2391,2720
50,10,5,Delaware,Sussex County,4,70,4952,2323,2629
50,10,5,Delaware,Sussex County,4,71,4618,2180,2438
50,10,5,Delaware,Sussex County,4,72,4340,2067,2273
50,10,5,Delaware,Sussex County,4,73,4216,2004,2212
50,10,5,Delaware,Sussex County,4,74,4145,2000,2145
50,10,5,Delaware,Sussex County,4,75,4371,2115,2256
50,10,5,Delaware,Sussex County,4,76,2872,1391,1481
50,10,5,Delaware,Sussex County,4,77,2710,1339,1371
50,10,5,Delaware,Sussex County,4,78,2591,1268,1323
50,10,5,Delaware,Sussex County,4,79,2569,1222,1347
50,10,5,Delaware,Sussex County,4,80,2065,1007,1058
50,10,5,Delaware,Sussex County,4,81,1737,822,915
50,10,5,Delaware,Sussex County,4,82,1483,690,793
50,10,5,Delaware,Sussex County,4,83,1319,596,723
50,10,5,Delaware,Sussex County,4,84,1223,585,638
50,10,5,Delaware,Sussex County,4,85,5731,2241,3490
50,10,5,Delaware,Sussex County,5,0,2517,1311,1206
50,10,5,Delaware,Sussex County,5,1,2532,1281,1251
50,10,5,Delaware,Sussex County,5,2,2296,1176,1120
50,10,5,Delaware,Sussex County,5,3,2488,1283,1205
50,10,5,Delaware,Sussex County,5,4,2486,1238,1248
50,10,5,Delaware,Sussex County,5,5,2543,1317,1226
50,10,5,Delaware,Sussex County,5,6,2467,1279,1188
50,10,5,Delaware,Sussex County,5,7,2643,1306,1337
50,10,5,Delaware,Sussex County,5,8,2608,1289,1319
50,10,5,Delaware,Sussex County,5,9,2614,1317,1297
50,10,5,Delaware,Sussex County,5,10,2567,1279,1288
50,10,5,Delaware,Sussex County,5,11,2554,1284,1270
50,10,5,Delaware,Sussex County,5,12,2602,1338,1264
50,10,5,Delaware,Sussex County,5,13,2752,1456,1296
50,10,5,Delaware,Sussex County,5,14,2758,1470,1288
50,10,5,Delaware,Sussex County,5,15,2878,1453,1425
50,10,5,Delaware,Sussex County,5,16,2841,1424,1417
50,10,5,Delaware,Sussex County,5,17,2823,1396,1427
50,10,5,Delaware,Sussex County,5,18,2350,1193,1157
50,10,5,Delaware,Sussex County,5,19,1990,1080,910
50,10,5,Delaware,Sussex County,5,20,2147,1131,1016
50,10,5,Delaware,Sussex County,5,21,2351,1213,1138
50,10,5,Delaware,Sussex County,5,22,2480,1283,1197
50,10,5,Delaware,Sussex County,5,23,2422,1241,1181
50,10,5,Delaware,Sussex County,5,24,2459,1257,1202
50,10,5,Delaware,Sussex County,5,25,2353,1196,1157
50,10,5,Delaware,Sussex County,5,26,2348,1155,1193
50,10,5,Delaware,Sussex County,5,27,2324,1217,1107
50,10,5,Delaware,Sussex County,5,28,2430,1230,1200
50,10,5,Delaware,Sussex County,5,29,2480,1244,1236
50,10,5,Delaware,Sussex County,5,30,2554,1294,1260
50,10,5,Delaware,Sussex County,5,31,2601,1294,1307
50,10,5,Delaware,Sussex County,5,32,2636,1309,1327
50,10,5,Delaware,Sussex County,5,33,2735,1387,1348
50,10,5,Delaware,Sussex County,5,34,2509,1258,1251
50,10,5,Delaware,Sussex County,5,35,2481,1223,1258
50,10,5,Delaware,Sussex County,5,36,2541,1238,1303
50,10,5,Delaware,Sussex County,5,37,2592,1252,1340
50,10,5,Delaware,Sussex County,5,38,2647,1320,1327
50,10,5,Delaware,Sussex County,5,39,2587,1334,1253
50,10,5,Delaware,Sussex County,5,40,2580,1298,1282
50,10,5,Delaware,Sussex County,5,41,2511,1217,1294
50,10,5,Delaware,Sussex County,5,42,2478,1195,1283
50,10,5,Delaware,Sussex County,5,43,2447,1220,1227
50,10,5,Delaware,Sussex County,5,44,2463,1220,1243
50,10,5,Delaware,Sussex County,5,45,2465,1247,1218
50,10,5,Delaware,Sussex County,5,46,2358,1155,1203
50,10,5,Delaware,Sussex County,5,47,2201,1037,1164
50,10,5,Delaware,Sussex County,5,48,2367,1141,1226
50,10,5,Delaware,Sussex County,5,49,2329,1096,1233
50,10,5,Delaware,Sussex County,5,50,2473,1226,1247
50,10,5,Delaware,Sussex County,5,51,2722,1340,1382
50,10,5,Delaware,Sussex County,5,52,2931,1444,1487
50,10,5,Delaware,Sussex County,5,53,2977,1449,1528
50,10,5,Delaware,Sussex County,5,54,2931,1386,1545
50,10,5,Delaware,Sussex County,5,55,3081,1497,1584
50,10,5,Delaware,Sussex County,5,56,3329,1554,1775
50,10,5,Delaware,Sussex County,5,57,3628,1725,1903
50,10,5,Delaware,Sussex County,5,58,4035,1902,2133
50,10,5,Delaware,Sussex County,5,59,4288,1970,2318
50,10,5,Delaware,Sussex County,5,60,4445,2088,2357
50,10,5,Delaware,Sussex County,5,61,4741,2112,2629
50,10,5,Delaware,Sussex County,5,62,4997,2215,2782
50,10,5,Delaware,Sussex County,5,63,5110,2369,2741
50,10,5,Delaware,Sussex County,5,64,5331,2442,2889
50,10,5,Delaware,Sussex County,5,65,5629,2578,3051
50,10,5,Delaware,Sussex County,5,66,5590,2540,3050
50,10,5,Delaware,Sussex County,5,67,5455,2499,2956
50,10,5,Delaware,Sussex County,5,68,5423,2521,2902
50,10,5,Delaware,Sussex County,5,69,5387,2524,2863
50,10,5,Delaware,Sussex County,5,70,5194,2426,2768
50,10,5,Delaware,Sussex County,5,71,4997,2356,2641
50,10,5,Delaware,Sussex County,5,72,4657,2183,2474
50,10,5,Delaware,Sussex County,5,73,4325,2068,2257
50,10,5,Delaware,Sussex County,5,74,4177,1998,2179
50,10,5,Delaware,Sussex County,5,75,4067,1967,2100
50,10,5,Delaware,Sussex County,5,76,4293,2047,2246
50,10,5,Delaware,Sussex County,5,77,2809,1367,1442
50,10,5,Delaware,Sussex County,5,78,2609,1283,1326
50,10,5,Delaware,Sussex County,5,79,2470,1212,1258
50,10,5,Delaware,Sussex County,5,80,2465,1154,1311
50,10,5,Delaware,Sussex County,5,81,1941,950,991
50,10,5,Delaware,Sussex County,5,82,1613,763,850
50,10,5,Delaware,Sussex County,5,83,1382,625,757
50,10,5,Delaware,Sussex County,5,84,1242,570,672
50,10,5,Delaware,Sussex County,5,85,6046,2430,3616
50,10,5,Delaware,Sussex County,6,0,2478,1298,1180
50,10,5,Delaware,Sussex County,6,1,2595,1343,1252
50,10,5,Delaware,Sussex County,6,2,2628,1304,1324
50,10,5,Delaware,Sussex County,6,3,2342,1201,1141
50,10,5,Delaware,Sussex County,6,4,2520,1310,1210
50,10,5,Delaware,Sussex County,6,5,2547,1275,1272
50,10,5,Delaware,Sussex County,6,6,2627,1382,1245
50,10,5,Delaware,Sussex County,6,7,2528,1331,1197
50,10,5,Delaware,Sussex County,6,8,2720,1338,1382
50,10,5,Delaware,Sussex County,6,9,2693,1325,1368
50,10,5,Delaware,Sussex County,6,10,2698,1352,1346
50,10,5,Delaware,Sussex County,6,11,2611,1295,1316
50,10,5,Delaware,Sussex County,6,12,2624,1337,1287
50,10,5,Delaware,Sussex County,6,13,2662,1386,1276
50,10,5,Delaware,Sussex County,6,14,2808,1477,1331
50,10,5,Delaware,Sussex County,6,15,2849,1520,1329
50,10,5,Delaware,Sussex County,6,16,2932,1461,1471
50,10,5,Delaware,Sussex County,6,17,2934,1469,1465
50,10,5,Delaware,Sussex County,6,18,2493,1284,1209
50,10,5,Delaware,Sussex County,6,19,2108,1089,1019
50,10,5,Delaware,Sussex County,6,20,2264,1207,1057
50,10,5,Delaware,Sussex County,6,21,2384,1225,1159
50,10,5,Delaware,Sussex County,6,22,2612,1332,1280
50,10,5,Delaware,Sussex County,6,23,2631,1334,1297
50,10,5,Delaware,Sussex County,6,24,2526,1293,1233
50,10,5,Delaware,Sussex County,6,25,2574,1308,1266
50,10,5,Delaware,Sussex County,6,26,2356,1195,1161
50,10,5,Delaware,Sussex County,6,27,2447,1223,1224
50,10,5,Delaware,Sussex County,6,28,2375,1212,1163
50,10,5,Delaware,Sussex County,6,29,2511,1274,1237
50,10,5,Delaware,Sussex County,6,30,2508,1270,1238
50,10,5,Delaware,Sussex County,6,31,2597,1309,1288
50,10,5,Delaware,Sussex County,6,32,2608,1287,1321
50,10,5,Delaware,Sussex County,6,33,2741,1369,1372
50,10,5,Delaware,Sussex County,6,34,2811,1439,1372
50,10,5,Delaware,Sussex County,6,35,2591,1310,1281
50,10,5,Delaware,Sussex County,6,36,2562,1257,1305
50,10,5,Delaware,Sussex County,6,37,2587,1245,1342
50,10,5,Delaware,Sussex County,6,38,2628,1271,1357
50,10,5,Delaware,Sussex County,6,39,2705,1350,1355
50,10,5,Delaware,Sussex County,6,40,2620,1345,1275
50,10,5,Delaware,Sussex County,6,41,2625,1312,1313
50,10,5,Delaware,Sussex County,6,42,2528,1209,1319
50,10,5,Delaware,Sussex County,6,43,2518,1210,1308
50,10,5,Delaware,Sussex County,6,44,2481,1222,1259
50,10,5,Delaware,Sussex County,6,45,2517,1245,1272
50,10,5,Delaware,Sussex County,6,46,2483,1257,1226
50,10,5,Delaware,Sussex County,6,47,2411,1162,1249
50,10,5,Delaware,Sussex County,6,48,2227,1051,1176
50,10,5,Delaware,Sussex County,6,49,2422,1160,1262
50,10,5,Delaware,Sussex County,6,50,2375,1127,1248
50,10,5,Delaware,Sussex County,6,51,2539,1237,1302
50,10,5,Delaware,Sussex County,6,52,2801,1383,1418
50,10,5,Delaware,Sussex County,6,53,3032,1496,1536
50,10,5,Delaware,Sussex County,6,54,3077,1486,1591
50,10,5,Delaware,Sussex County,6,55,3030,1438,1592
50,10,5,Delaware,Sussex County,6,56,3199,1540,1659
50,10,5,Delaware,Sussex County,6,57,3485,1622,1863
50,10,5,Delaware,Sussex County,6,58,3819,1817,2002
50,10,5,Delaware,Sussex County,6,59,4226,1966,2260
50,10,5,Delaware,Sussex County,6,60,4528,2073,2455
50,10,5,Delaware,Sussex County,6,61,4712,2200,2512
50,10,5,Delaware,Sussex County,6,62,4977,2196,2781
50,10,5,Delaware,Sussex County,6,63,5325,2358,2967
50,10,5,Delaware,Sussex County,6,64,5445,2529,2916
50,10,5,Delaware,Sussex County,6,65,5670,2604,3066
50,10,5,Delaware,Sussex County,6,66,5849,2673,3176
50,10,5,Delaware,Sussex County,6,67,5768,2630,3138
50,10,5,Delaware,Sussex County,6,68,5582,2567,3015
50,10,5,Delaware,Sussex County,6,69,5535,2561,2974
50,10,5,Delaware,Sussex County,6,70,5448,2582,2866
50,10,5,Delaware,Sussex County,6,71,5202,2426,2776
50,10,5,Delaware,Sussex County,6,72,5019,2359,2660
50,10,5,Delaware,Sussex County,6,73,4627,2161,2466
50,10,5,Delaware,Sussex County,6,74,4300,2063,2237
50,10,5,Delaware,Sussex County,6,75,4113,1975,2138
50,10,5,Delaware,Sussex County,6,76,3983,1921,2062
50,10,5,Delaware,Sussex County,6,77,4225,2008,2217
50,10,5,Delaware,Sussex County,6,78,2706,1317,1389
50,10,5,Delaware,Sussex County,6,79,2508,1245,1263
50,10,5,Delaware,Sussex County,6,80,2364,1151,1213
50,10,5,Delaware,Sussex County,6,81,2357,1092,1265
50,10,5,Delaware,Sussex County,6,82,1836,904,932
50,10,5,Delaware,Sussex County,6,83,1528,716,812
50,10,5,Delaware,Sussex County,6,84,1287,587,700
50,10,5,Delaware,Sussex County,6,85,6410,2574,3836
